platform,time,account,content,url
PTT,Sun Apr  5 18:49:32 2026,eunhailoveu (Gossiping),"我們班年底要班長選舉
但是我們這個陣營
目前還沒想好要推誰出來選

對面陣營預計是派現任班長再選一次
不過我們陣營真的選不出來要派誰
怎麼辦？？？？？？


--
※ 發信站: 批踢踢實業坊(ptt.cc), 來自: 118.232.104.21 (臺灣)
※ 文章網址: https://www.ptt.cc/bbs/Gossiping/M.1775386174.A.F35.html",https://www.ptt.cc/bbs/Gossiping/M.1775386174.A.F35.html
PTT (Comment),122.116.159.243 04/05 18:50,R3hab,(推) 廢物黨只覬覦建商給的政治獻金啦,https://www.ptt.cc/bbs/Gossiping/M.1775386174.A.F35.html
PTT (Comment),1.175.192.182 04/05 18:51,tzboy,(推) 查無不法 謝謝,https://www.ptt.cc/bbs/Gossiping/M.1775386174.A.F35.html
PTT (Comment),36.229.124.96 04/05 18:51,MisterBoar,(→) 有不是陣營最大圈圈的想 但不給選,https://www.ptt.cc/bbs/Gossiping/M.1775386174.A.F35.html
PTT (Comment),220.137.71.112 04/05 18:51,wild2012,(→) 反正會戒嚴 選誰都一樣 最後都是官派,https://www.ptt.cc/bbs/Gossiping/M.1775386174.A.F35.html
PTT (Comment),39.15.16.49 04/05 18:52,em4,(推) 綠營是不是一堆共諜？陰毛頭要出來也被黨內,https://www.ptt.cc/bbs/Gossiping/M.1775386174.A.F35.html
PTT (Comment),39.15.16.49 04/05 18:52,em4,(→) 攻擊？,https://www.ptt.cc/bbs/Gossiping/M.1775386174.A.F35.html
PTT (Comment),114.47.115.50 04/05 18:53,willism,(→) https://i.imgur.com/ykDpiCJ.jpg,https://www.ptt.cc/bbs/Gossiping/M.1775386174.A.F35.html
PTT (Comment),223.139.213.124 04/05 18:55,lime1207,(推) 你們陣營是不是只想打會贏的選戰呀???贏,https://www.ptt.cc/bbs/Gossiping/M.1775386174.A.F35.html
PTT (Comment),223.139.213.124 04/05 18:55,lime1207,(→) 的機率低就不敢出戰,https://www.ptt.cc/bbs/Gossiping/M.1775386174.A.F35.html
PTT (Comment),223.139.213.124 04/05 18:55,lime1207,(→) ',https://www.ptt.cc/bbs/Gossiping/M.1775386174.A.F35.html
PTT (Comment),122.117.6.9 04/05 18:56,albertfeng,(推) 執政爽太久狼性磨沒了，沒人敢出陣一,https://www.ptt.cc/bbs/Gossiping/M.1775386174.A.F35.html
PTT (Comment),122.117.6.9 04/05 18:56,albertfeng,(→) 戰,https://www.ptt.cc/bbs/Gossiping/M.1775386174.A.F35.html
PTT (Comment),1.173.66.131 04/05 18:59,simara,(推) 派你們陣營最近收的那個垃圾去,https://www.ptt.cc/bbs/Gossiping/M.1775386174.A.F35.html
PTT (Comment),1.175.186.108 04/05 19:00,butmyass,(噓) 沒頭沒尾工三小?,https://www.ptt.cc/bbs/Gossiping/M.1775386174.A.F35.html
PTT (Comment),111.240.101.95 04/05 19:11,PDbear,(→) 贏率高有什麼用？一個月內還不是會敗光,https://www.ptt.cc/bbs/Gossiping/M.1775386174.A.F35.html
PTT (Comment),1.175.176.246 04/05 19:31,attpp,(→) 你上,https://www.ptt.cc/bbs/Gossiping/M.1775386174.A.F35.html
PTT,Sun Apr  5 12:50:15 2026,DoncicInPTT (Gossiping),"1.媒體來源:中時

2.記者署名:黃麗蓉

3.完整新聞標題:「鄭習會」對2026縣市長選舉造成什麼影響？6成網友預言這結局

4.完整新聞內文:
國民黨主席鄭麗文將應中共總書記習近平邀請訪陸，確定於4月7日至 12日率團展開為期6天
的大陸參訪之旅，外界高度關注即將登場的「鄭習會」。有YouTube頻道針對「鄭習會即將
於4月7日登場，你覺得這場會面會對2026年的縣市長選舉造成什麼影響嗎？」進行網路投票
，截至今天(4日)晚上，60%的網友認為「正面，對藍營有加分」。

根據NOWnews《鄉民大學問》YouTube頻道1日起針對「鄭習會即將於4月7日登場，你覺得這
場會面會對2026年的縣市長選舉造成什麼影響嗎？」進行網路投票，截至今天(4日)晚上7時
54分，已有2.1萬人參與投票，結果顯示，60%的網友認為「正面，對藍營有加分」；34%的
網友認為「負面，對藍營是減分」；3%沒意見；2%不知道。

網友留言表示，「面對瞬息萬變的局勢，牽一髮而動全局，無未卜先知能力，只能期盼未來
是朝著和平溝通，穩定發展的方向」、「有遠見、有能力，和平努力救台灣」、「當然要談
，沒有溝通僵在哪裡，對後代子孫影響太大了」、「加分」、「好好溝通好好商量，大家心
平氣和完成該完成的事情。看看多少事情都要依靠中國大陸，互相合作自造無限個雙贏」、
「絕對是2250萬人的最佳安全可靠，安定生活之路」。


5.完整新聞連結 (或短網址)不可用YAHOO、LINE、MSN等轉載媒體:
https://bit.ly/4bRsdEr


6.備註:

--
※ 發信站: 批踢踢實業坊(ptt.cc), 來自: 42.77.198.159 (臺灣)
※ 文章網址: https://www.ptt.cc/bbs/Gossiping/M.1775364618.A.35A.html",https://www.ptt.cc/bbs/Gossiping/M.1775364618.A.35A.html
PTT (Comment),118.231.193.237 04/05 12:52,dlam002,(→) 對，穩了,https://www.ptt.cc/bbs/Gossiping/M.1775364618.A.35A.html
PTT (Comment),110.28.80.21 04/05 12:52,bucket10Y,(推) 選邊維尼跟川寶都一樣 別打仗才是王道,https://www.ptt.cc/bbs/Gossiping/M.1775364618.A.35A.html
PTT (Comment),111.255.234.28 04/05 12:55,tchialen,(→) 保底6成要怎麼輸,https://www.ptt.cc/bbs/Gossiping/M.1775364618.A.35A.html
PTT (Comment),36.229.26.47 04/05 13:16,fallinlove15,(→) 還好吧 國際上一堆元首都有去,https://www.ptt.cc/bbs/Gossiping/M.1775364618.A.35A.html
PTT,Sun Apr  5 12:06:20 2026,seabox (Gossiping),"看看美國

特朗普總得票也才贏1%多 200多萬票
然後就可以贏者全拿
內閣重要人士都換成共和黨

靠北 你才小贏
就可以贏者全拿?
這制度不可笑嗎?
更別說美國奇耙的選舉制度 總得票少的還可能贏

而有些民主國家得票甚至不用過半就贏者全拿

反觀獨裁國家
如果沒有輾壓式主流民意支持
根本不可能維持政府的統治
人家獲得贏者全拿 起碼還有民意基礎

而民主國家 只需多一點點民意基礎 就贏者全拿

看起來民主國家根本是笑話阿


--
※ 發信站: 批踢踢實業坊(ptt.cc), 來自: 123.195.21.94 (臺灣)
※ 文章網址: https://www.ptt.cc/bbs/Gossiping/M.1775361983.A.2C5.html
※ 編輯: seabox (123.195.21.94 臺灣), 04/05/2026 12:07:17
民意差 就是下去了
東歐劇變就是如此
當年齊奧塞斯庫掌握軍隊 媒體 特務
最後還不是被翻掉 因為沒有民意基礎
※ 編輯: seabox (123.195.21.94 臺灣), 04/05/2026 12:09:25",https://www.ptt.cc/bbs/Gossiping/M.1775361983.A.2C5.html
PTT (Comment),101.9.117.184 04/05 12:07,a0986188522,(推) 有一個地區領導人拿40%就可以管全部,https://www.ptt.cc/bbs/Gossiping/M.1775361983.A.2C5.html
PTT (Comment),101.9.117.184 04/05 12:07,a0986188522,(→) 的人,https://www.ptt.cc/bbs/Gossiping/M.1775361983.A.2C5.html
PTT (Comment),1.174.197.217 04/05 12:07,ghchen1978,(推) 都是笑話，每個制度都有優缺點，但重,https://www.ptt.cc/bbs/Gossiping/M.1775361983.A.2C5.html
PTT (Comment),1.174.197.217 04/05 12:07,ghchen1978,(→) 點是破壞制度的永遠是人,https://www.ptt.cc/bbs/Gossiping/M.1775361983.A.2C5.html
PTT (Comment),101.10.58.68 04/05 12:07,bifox,(噓) 獨裁者怎麼驗證民意？,https://www.ptt.cc/bbs/Gossiping/M.1775361983.A.2C5.html
PTT (Comment),101.10.58.68 04/05 12:08,bifox,(→) 被中共敘事洗腦很深,https://www.ptt.cc/bbs/Gossiping/M.1775361983.A.2C5.html
PTT (Comment),111.82.230.113 04/05 12:08,killerlee,(→) 說的好，那你可以移民中國或者北韓,https://www.ptt.cc/bbs/Gossiping/M.1775361983.A.2C5.html
PTT (Comment),60.251.200.4 04/05 12:09,straggler7,(推) 60%贏不了 是笑話沒錯,https://www.ptt.cc/bbs/Gossiping/M.1775361983.A.2C5.html
PTT (Comment),49.217.49.190 04/05 12:09,luciffar,(→) 40%,https://www.ptt.cc/bbs/Gossiping/M.1775361983.A.2C5.html
PTT (Comment),39.9.165.249 04/05 12:10,ilw4e,(推) 你在臭那個只拿40%的獨裁者賣台中龜嗎,https://www.ptt.cc/bbs/Gossiping/M.1775361983.A.2C5.html
PTT (Comment),114.137.3.3 04/05 12:11,lavign,(推) 而且美國還是間接選舉,https://www.ptt.cc/bbs/Gossiping/M.1775361983.A.2C5.html
PTT (Comment),60.251.200.4 04/05 12:12,straggler7,(→) 有人想要全拿 所以輸了,https://www.ptt.cc/bbs/Gossiping/M.1775361983.A.2C5.html
PTT (Comment),111.71.65.50 04/05 12:12,MarchelKaton,(噓) 現在直接護航說獨裁國家有壓倒性民,https://www.ptt.cc/bbs/Gossiping/M.1775361983.A.2C5.html
PTT (Comment),111.71.65.50 04/05 12:13,MarchelKaton,(→) 意基礎喔呵呵,https://www.ptt.cc/bbs/Gossiping/M.1775361983.A.2C5.html
PTT (Comment),111.71.65.50 04/05 12:14,MarchelKaton,(噓) 朝鮮假選舉也信？,https://www.ptt.cc/bbs/Gossiping/M.1775361983.A.2C5.html
PTT (Comment),42.73.59.144 04/05 12:15,EggCannon,(推) 只要把雜質清理掉 就能成爲主流民意,https://www.ptt.cc/bbs/Gossiping/M.1775361983.A.2C5.html
PTT (Comment),60.251.200.4 04/05 12:15,straggler7,(推) 26%想要全拿 也不合理,https://www.ptt.cc/bbs/Gossiping/M.1775361983.A.2C5.html
PTT (Comment),118.232.21.204 04/05 12:16,aphonia,(推) 當然是笑話，民主體制的政客不只效率極,https://www.ptt.cc/bbs/Gossiping/M.1775361983.A.2C5.html
PTT (Comment),118.232.21.204 04/05 12:16,aphonia,(→) 差且是資本的傀儡，像波布效率極佳，一,https://www.ptt.cc/bbs/Gossiping/M.1775361983.A.2C5.html
PTT (Comment),118.232.21.204 04/05 12:16,aphonia,(→) 波去城市化就清除資本的餘毒，我看每個,https://www.ptt.cc/bbs/Gossiping/M.1775361983.A.2C5.html
PTT (Comment),118.232.21.204 04/05 12:16,aphonia,(→) 民主國家都應該出一個波布才能回歸正軌,https://www.ptt.cc/bbs/Gossiping/M.1775361983.A.2C5.html
PTT (Comment),42.78.53.9 04/05 12:18,aclock,(→) 習近平贏了多少？他憑什麼全拿？,https://www.ptt.cc/bbs/Gossiping/M.1775361983.A.2C5.html
PTT (Comment),180.176.92.92 04/05 12:26,komeko,(→) 習近平比較可笑,https://www.ptt.cc/bbs/Gossiping/M.1775361983.A.2C5.html
PTT (Comment),223.137.241.88 04/05 12:44,Lans1002,(推) 本來就不合理，應該照比例分配,https://www.ptt.cc/bbs/Gossiping/M.1775361983.A.2C5.html
PTT (Comment),101.10.164.68 04/05 13:19,BILLYBOY,(→) 民主制度效率低是常識呀,https://www.ptt.cc/bbs/Gossiping/M.1775361983.A.2C5.html
PTT (Comment),39.12.155.180 04/05 14:04,crashonU,(噓) 金正恩得票率100% 最有民意基礎,https://www.ptt.cc/bbs/Gossiping/M.1775361983.A.2C5.html
PTT (Comment),27.242.76.49 04/05 14:56,CassSunstein,(噓) 你還是回牆內去吧 你不適應翻到牆外,https://www.ptt.cc/bbs/Gossiping/M.1775361983.A.2C5.html
PTT,Sun Apr  5 06:47:03 2026,jenny0904 (Gossiping),"那個側翼說台北市派優秀人才出來選是糟蹋他..

欸選舉有補助款可以拿耶
就算躺平完全不造勢不參加競選活動
靠基本盤就至少拍廁所偷窺那位的43萬票
43萬*30=13M

幹什麼印文宣 掛看板的錢都不要
躺著就有1千多萬進來，這樣叫糟蹋他？
-----
Sent from JPTT on my iPhone

--
※ 發信站: 批踢踢實業坊(ptt.cc), 來自: 210.170.168.214 (日本)
※ 文章網址: https://www.ptt.cc/bbs/Gossiping/M.1775342825.A.84F.html",https://www.ptt.cc/bbs/Gossiping/M.1775342825.A.84F.html
PTT (Comment),111.241.56.36 04/05 06:48,Forcast,(→) 選派克,https://www.ptt.cc/bbs/Gossiping/M.1775342825.A.84F.html
PTT (Comment),111.241.56.36 04/05 06:49,Forcast,(→) 怎麼樣都虧錢，不是為了補助款是為小雞,https://www.ptt.cc/bbs/Gossiping/M.1775342825.A.84F.html
PTT (Comment),210.170.168.214 04/05 06:53,jenny0904,(→) 那她要說不要派他出來糟蹋其他議員候選,https://www.ptt.cc/bbs/Gossiping/M.1775342825.A.84F.html
PTT (Comment),210.170.168.214 04/05 06:53,jenny0904,(→) 人啊,https://www.ptt.cc/bbs/Gossiping/M.1775342825.A.84F.html
PTT (Comment),111.243.10.239 04/05 07:31,monitor,(→) 要糟蹋人應該派蔻寇出來選吧,https://www.ptt.cc/bbs/Gossiping/M.1775342825.A.84F.html
PTT (Comment),111.243.10.239 04/05 07:32,monitor,(→) 選前之夜應該會表演地板動作吧,https://www.ptt.cc/bbs/Gossiping/M.1775342825.A.84F.html
PTT,Sun Apr  5 06:25:20 2026,MikaHakkinen (Gossiping),"備註請放最後面 違者新聞文章刪除

1.媒體來源:
自由時報

2.記者署名:
記者蔡淑媛／台中報導

3.完整新聞標題:
加入民進黨陳柏惟稱與選舉無關 但也不排除被徵召

4.完整新聞內文:

2026/04/04 21:00

陳柏惟今天宣布已正式申請加入民進黨。（資料照，記者蔡淑媛攝）

前立委陳柏惟今天宣布已正式申請加入民進黨，適逢台中市北區議員登記參選人吳文豪因
故退選，出現一席空缺，引發外界聯想，陳柏惟表示，此時宣布是要家人、親友宣告，強
調「與選舉沒有關係」，但是如果要徵召他，也「不排除可能性。」

陳柏惟今天在臉書宣布已正式申請加入民主進步黨，寫道「阿公，我決定要入陣了。」清
明回鄉，站在阿公面前，有很多話想說，他說，因為知道「守護台灣，不能只靠一張嘴」
，更要靠一雙捲起袖子的手，「守護台灣」這條路，正規軍的戰力缺一不可，決定不再單
打獨鬥，一群人才能贏下冠軍。

目前民進黨台中第九選區（北區）登記參選人為現任議員陳俞融，另一缺額是否徵召陳柏
惟參選，民進黨台中市黨部主委許木桂表示，目前未聽說，但是徵召由黨中央決，經選對
會決定人選後，由中執會確定。

5.完整新聞連結 (或短網址)不可用YAHOO、LINE、MSN等轉載媒體:
https://news.ltn.com.tw/news/politics/breakingnews/5393487

6.備註:
※ 一個人一天只能張貼一則新聞(以天為單位)，被刪或自刪也算額度內，超貼者水桶，請注意
※ 備註請勿張貼三日內新聞(包含連結、標題等)

--
                                                     阿囧津真矢-女王的招式
  人都是軟弱的動物                  aokman                                   
一不小心又會背叛你的                                   啊啊啊啊         
囧 別走!    別想跑!!!                            
來當我僕眾吧!<︰\           \囧/     \囧/    \囧/        \●/                
 我來招降你 ◢█            █       ★      █           ▲        aokman   

--
※ 發信站: 批踢踢實業坊(ptt.cc), 來自: 114.25.138.90 (臺灣)
※ 文章網址: https://www.ptt.cc/bbs/Gossiping/M.1775341525.A.268.html",https://www.ptt.cc/bbs/Gossiping/M.1775341525.A.268.html
PTT (Comment),223.138.187.45 04/05 06:26,rtoday,(→) 北區這麼肥的選區 不可能徵召他啦,https://www.ptt.cc/bbs/Gossiping/M.1775341525.A.268.html
PTT (Comment),61.228.224.199 04/05 06:26,HarryHTC,(噓) 3Q 永遠支持！,https://www.ptt.cc/bbs/Gossiping/M.1775341525.A.268.html
PTT (Comment),111.241.56.36 04/05 06:27,Forcast,(→) 不是要選議員還稱與選舉無關,https://www.ptt.cc/bbs/Gossiping/M.1775341525.A.268.html
PTT (Comment),111.241.56.36 04/05 06:28,Forcast,(→) 里長也排不進去嗎,https://www.ptt.cc/bbs/Gossiping/M.1775341525.A.268.html
PTT (Comment),203.222.13.163 04/05 06:39,xxxg00w0,(噓) 做夢吧，妄想北區有他份？,https://www.ptt.cc/bbs/Gossiping/M.1775341525.A.268.html
PTT (Comment),203.222.13.163 04/05 06:40,xxxg00w0,(→) 來分前市長女兒的票一起當落選人嗎？,https://www.ptt.cc/bbs/Gossiping/M.1775341525.A.268.html
PTT (Comment),111.241.56.36 04/05 06:43,Forcast,(→) 應選幾席,https://www.ptt.cc/bbs/Gossiping/M.1775341525.A.268.html
PTT (Comment),49.217.131.56 04/05 06:45,genius86,(推) 黨的寶貝,https://www.ptt.cc/bbs/Gossiping/M.1775341525.A.268.html
PTT (Comment),1.171.192.212 04/05 06:46,pttxo,(→) 不是支持XX者但支持XX 跟OO無關但不排除OO,https://www.ptt.cc/bbs/Gossiping/M.1775341525.A.268.html
PTT (Comment),111.241.56.36 04/05 06:46,Forcast,(→) 霸完由次長補選上,https://www.ptt.cc/bbs/Gossiping/M.1775341525.A.268.html
PTT (Comment),111.241.56.36 04/05 06:46,Forcast,(→) 至今唯一一件通過的霸案,https://www.ptt.cc/bbs/Gossiping/M.1775341525.A.268.html
PTT (Comment),101.3.46.184 04/05 06:49,PeterHenson,(→) 我以為他是要去搶賴瑞隆那個缺,https://www.ptt.cc/bbs/Gossiping/M.1775341525.A.268.html
PTT (Comment),111.241.56.36 04/05 06:54,Forcast,(→) 不然叫他去找佛地魔一起去選高雄,https://www.ptt.cc/bbs/Gossiping/M.1775341525.A.268.html
PTT (Comment),114.25.156.174 04/05 07:00,firose,(噓) 來一次，刪一次 刪Q,https://www.ptt.cc/bbs/Gossiping/M.1775341525.A.268.html
PTT (Comment),223.140.249.162 04/05 07:04,Davidlomanyu,(噓) 不選舉你是還有什麼幹用啊 整天騙,https://www.ptt.cc/bbs/Gossiping/M.1775341525.A.268.html
PTT (Comment),101.10.12.133 04/05 07:05,wchad,(噓) 這一定要徵召選六督啦！,https://www.ptt.cc/bbs/Gossiping/M.1775341525.A.268.html
PTT (Comment),39.9.163.46 04/05 07:07,hunter0954,(噓) 非常適合禽獸党的風格，簡直是蛇....,https://www.ptt.cc/bbs/Gossiping/M.1775341525.A.268.html
PTT (Comment),39.9.163.46 04/05 07:07,hunter0954,(→) 不...是天作之合,https://www.ptt.cc/bbs/Gossiping/M.1775341525.A.268.html
PTT (Comment),111.241.56.36 04/05 07:11,Forcast,(→) 來就刪,https://www.ptt.cc/bbs/Gossiping/M.1775341525.A.268.html
PTT (Comment),111.243.10.239 04/05 07:15,monitor,(→) 戶籍在台中是要選台中市長嗎,https://www.ptt.cc/bbs/Gossiping/M.1775341525.A.268.html
PTT (Comment),1.165.92.8 04/05 07:21,gopath,(→) 期待~哈哈哈哈哈,https://www.ptt.cc/bbs/Gossiping/M.1775341525.A.268.html
PTT (Comment),36.227.113.187 04/05 07:42,amare1015,(推) 777777777777777 幹 被徵召就太爽了,https://www.ptt.cc/bbs/Gossiping/M.1775341525.A.268.html
PTT (Comment),36.227.113.187 04/05 07:42,amare1015,(→) 這樣少了憨川我也覺得沒差了 XDDDDD,https://www.ptt.cc/bbs/Gossiping/M.1775341525.A.268.html
PTT (Comment),36.227.113.187 04/05 07:42,amare1015,(→) 3Q也是頂級諧咖說 一定能給我帶來歡樂,https://www.ptt.cc/bbs/Gossiping/M.1775341525.A.268.html
PTT (Comment),39.12.92.88 04/05 07:48,greg7575,(→) 只有喜憨兒會去投,https://www.ptt.cc/bbs/Gossiping/M.1775341525.A.268.html
PTT (Comment),223.137.207.16 04/05 08:15,chenggong,(推) 就這麼噁心 噁心 民進黨跟側翼讓人,https://www.ptt.cc/bbs/Gossiping/M.1775341525.A.268.html
PTT (Comment),223.137.207.16 04/05 08:15,chenggong,(→) 想吐,https://www.ptt.cc/bbs/Gossiping/M.1775341525.A.268.html
PTT (Comment),27.242.134.185 04/05 08:26,niceyeh,(噓) ？？,https://www.ptt.cc/bbs/Gossiping/M.1775341525.A.268.html
PTT (Comment),101.9.235.141 04/05 09:19,sofaly,(推) https://i.mopix.cc/XhdWNV.jpg,https://www.ptt.cc/bbs/Gossiping/M.1775341525.A.268.html
PTT (Comment),101.9.235.141 04/05 09:19,sofaly,(→) 恭喜拿到台灣綠卡,https://www.ptt.cc/bbs/Gossiping/M.1775341525.A.268.html
PTT (Comment),118.150.129.99 04/05 10:24,jiajie,(→) 直接說拜託讓我選，我想賺錢比較快,https://www.ptt.cc/bbs/Gossiping/M.1775341525.A.268.html
PTT,Sat Apr  4 12:35:40 2026,AQAQ (Gossiping),"※ 引述《bluehttp (公鯊小)》之銘言：
: https://reurl.cc/epD83M
: 非洲國家 布吉納法索的總統Ibrahim Traoré：
: 民主不適合我們
: 呼籲布吉納法索國民忘記選舉
: 沒有哪個國家是在民主制度下發展起來的
: 民主只是革命的結果
: 備註：
: 2022年9月政變，上尉當上臨時總統
: 2024年7月延長過渡政府，繼續當臨時總統
: 2025年7月廢掉選委會
: 2026年2月解散所有政黨
: 「我的奮鬥」非洲版
: -----
: Sent from JPTT on my Xiaomi 22101316G
西非沒什麼人關注
長期觀察Ibrahim的我提供一些想法
1.他年輕，全國青年支持率超高
2.反西方的行為視同改變與進步
3.前政府無法解決恐怖主義，他結合新勢力試圖改變
4.投入大量資源在媒體和宣傳（每天看美化過的宣傳新聞都煩了）
5.其實他在模仿桑卡拉Sankara的主張（反外、清廉、為人民）

布吉納法索前總統龔保雷是Sankara的老戰友
Sankara的死我就不多說了
龔保雷27年執政不是真實民主
現在出現了一個年輕的Ibrahim像極了當的Sankara
不管人民是不是有智慧或是容易被操弄
現在連海地的大黑道Barbecue都想模仿Ibrahim
這種思想輸出到其他國家完全不意外

--
※ 發信站: 批踢踢實業坊(ptt.cc), 來自: 66.9.168.20 (海地)
※ 文章網址: https://www.ptt.cc/bbs/Gossiping/M.1775277347.A.E6F.html",https://www.ptt.cc/bbs/Gossiping/M.1775277347.A.E6F.html
PTT (Comment),110.28.128.174 04/04 12:37,pondaha,(→) 台灣新民主,https://www.ptt.cc/bbs/Gossiping/M.1775277347.A.E6F.html
PTT (Comment),223.139.24.252 04/04 12:38,schula,(推) 真神奇,https://www.ptt.cc/bbs/Gossiping/M.1775277347.A.E6F.html
PTT (Comment),114.27.90.28 04/04 12:40,holyhelm,(推) 居然有人叫巴比Q 聽到都餓了,https://www.ptt.cc/bbs/Gossiping/M.1775277347.A.E6F.html
PTT (Comment),39.9.94.96 04/04 12:55,bluehttp,(推) 他很會大內宣，看個工廠都說的天花亂墜,https://www.ptt.cc/bbs/Gossiping/M.1775277347.A.E6F.html
PTT (Comment),219.91.54.114 04/04 13:11,shintz,(推) 反正黑人不管什麼制度最後都會變成獨裁家,https://www.ptt.cc/bbs/Gossiping/M.1775277347.A.E6F.html
PTT (Comment),219.91.54.114 04/04 13:11,shintz,(→) 族政治，有差嗎?,https://www.ptt.cc/bbs/Gossiping/M.1775277347.A.E6F.html
PTT (Comment),219.85.234.57 04/04 15:10,u3301001,(→) 海地現在還是無政府狀態嗎？,https://www.ptt.cc/bbs/Gossiping/M.1775277347.A.E6F.html
PTT (Comment),1.163.22.86 04/04 17:04,Asato163,(推) 觀察推,https://www.ptt.cc/bbs/Gossiping/M.1775277347.A.E6F.html
PTT,Sat Apr  4 10:17:15 2026,bluehttp (Gossiping),"https://reurl.cc/epD83M

非洲國家 布吉納法索的總統Ibrahim Traoré：

民主不適合我們

呼籲布吉納法索國民忘記選舉

沒有哪個國家是在民主制度下發展起來的

民主只是革命的結果



備註：

2022年9月政變，上尉當上臨時總統

2024年7月延長過渡政府，繼續當臨時總統

2025年7月廢掉選委會

2026年2月解散所有政黨

「我的奮鬥」非洲版

-----
Sent from JPTT on my Xiaomi 22101316G.

--
※ 發信站: 批踢踢實業坊(ptt.cc), 來自: 39.9.94.96 (臺灣)
※ 文章網址: https://www.ptt.cc/bbs/Gossiping/M.1775269038.A.CCD.html
※ 編輯: bluehttp (61.218.134.160 臺灣), 04/04/2026 10:19:19",https://www.ptt.cc/bbs/Gossiping/M.1775269038.A.CCD.html
PTT (Comment),114.136.234.119 04/04 10:18,BlueBird5566,(推) 非洲賴清德,https://www.ptt.cc/bbs/Gossiping/M.1775269038.A.CCD.html
PTT (Comment),223.137.188.212 04/04 10:18,dontaskme,(推) 原來賴神是先知,https://www.ptt.cc/bbs/Gossiping/M.1775269038.A.CCD.html
PTT (Comment),61.222.76.1 04/04 10:18,hakuoro,(推) team戒嚴同路人,https://www.ptt.cc/bbs/Gossiping/M.1775269038.A.CCD.html
PTT (Comment),49.215.96.103 04/04 10:18,ilovecat5566,(噓) 癩：學起來了！,https://www.ptt.cc/bbs/Gossiping/M.1775269038.A.CCD.html
PTT (Comment),49.216.86.29 04/04 10:19,a0986188522,(推) 賴皮直呼內行,https://www.ptt.cc/bbs/Gossiping/M.1775269038.A.CCD.html
PTT (Comment),101.8.233.106 04/04 10:19,Yefim618,(推) https://i.imgur.com/CkeRNqe.gif,https://www.ptt.cc/bbs/Gossiping/M.1775269038.A.CCD.html
PTT (Comment),111.250.3.221 04/04 10:21,alwaysalone,(推) 傻鳥的應許之地，該和台灣建交了吧!!,https://www.ptt.cc/bbs/Gossiping/M.1775269038.A.CCD.html
PTT (Comment),36.227.231.130 04/04 10:22,QoGIVoQ,(推) 我給忘了,https://www.ptt.cc/bbs/Gossiping/M.1775269038.A.CCD.html
PTT (Comment),27.240.162.171 04/04 10:23,BerlinerBlau,(推) 非洲全卡卡,https://www.ptt.cc/bbs/Gossiping/M.1775269038.A.CCD.html
PTT (Comment),1.174.108.196 04/04 10:23,nutrino,(推) 綠共:沒有支持我的 就不是民主,https://www.ptt.cc/bbs/Gossiping/M.1775269038.A.CCD.html
PTT (Comment),118.166.70.167 04/04 10:23,moon128,(推) 賴皮:學到了,https://www.ptt.cc/bbs/Gossiping/M.1775269038.A.CCD.html
PTT (Comment),27.247.92.48 04/04 10:24,Raphael7725,(推) 確實,https://www.ptt.cc/bbs/Gossiping/M.1775269038.A.CCD.html
PTT (Comment),122.116.159.121 04/04 10:24,nowitzki0207,(推) 看維基資料只覺得真的不適合民主,https://www.ptt.cc/bbs/Gossiping/M.1775269038.A.CCD.html
PTT (Comment),61.223.74.188 04/04 10:24,bbc0217,(推) 要被民進党學起來了,https://www.ptt.cc/bbs/Gossiping/M.1775269038.A.CCD.html
PTT (Comment),118.150.124.67 04/04 10:25,jokem,(→) 鳥鳥的夢,https://www.ptt.cc/bbs/Gossiping/M.1775269038.A.CCD.html
PTT (Comment),27.240.184.2 04/04 10:26,yoyodio,(→) 非洲大區走美式路線看看賴比瑞亞多慘,https://www.ptt.cc/bbs/Gossiping/M.1775269038.A.CCD.html
PTT (Comment),36.228.6.68 04/04 10:26,satonoo,(推) 校長不開心 居然被人先使用了,https://www.ptt.cc/bbs/Gossiping/M.1775269038.A.CCD.html
PTT (Comment),120.22.140.167 04/04 10:26,qwe78971,(推) 民主制確實跟大便一樣 但不是一個軍閥,https://www.ptt.cc/bbs/Gossiping/M.1775269038.A.CCD.html
PTT (Comment),120.22.140.167 04/04 10:26,qwe78971,(→) 該出來講的,https://www.ptt.cc/bbs/Gossiping/M.1775269038.A.CCD.html
PTT (Comment),39.14.161.228 04/04 10:27,syldsk,(→) 就太窮了，誰來翻桌都一樣,https://www.ptt.cc/bbs/Gossiping/M.1775269038.A.CCD.html
PTT (Comment),113.185.78.40 04/04 10:27,GLung,(推) 布吉納法索賴神,https://www.ptt.cc/bbs/Gossiping/M.1775269038.A.CCD.html
PTT (Comment),61.218.134.160 04/04 10:27,bluehttp,(→) 非洲礦產資源非常豐富 但都在內戰,https://www.ptt.cc/bbs/Gossiping/M.1775269038.A.CCD.html
PTT (Comment),61.218.134.160 04/04 10:28,bluehttp,(→) 還有西方一直吸血非洲資源,https://www.ptt.cc/bbs/Gossiping/M.1775269038.A.CCD.html
PTT (Comment),113.185.78.40 04/04 10:29,GLung,(推) 就是西方國家撤走的時候瞎雞巴劃國界線啊,https://www.ptt.cc/bbs/Gossiping/M.1775269038.A.CCD.html
PTT (Comment),61.70.168.155 04/04 10:29,beast1969,(推) 非洲民不民主都是那德性,https://www.ptt.cc/bbs/Gossiping/M.1775269038.A.CCD.html
PTT (Comment),49.218.147.205 04/04 10:29,cage820518,(推) 台灣如果沒有蔣家根本不會發展起來,https://www.ptt.cc/bbs/Gossiping/M.1775269038.A.CCD.html
PTT (Comment),110.28.84.99 04/04 10:30,panda816,(推) team 戒嚴  挺起來,https://www.ptt.cc/bbs/Gossiping/M.1775269038.A.CCD.html
PTT (Comment),42.78.98.24 04/04 10:30,George728,(→) 青鳥表示羨慕,https://www.ptt.cc/bbs/Gossiping/M.1775269038.A.CCD.html
PTT (Comment),42.79.74.231 04/04 10:30,cphe,(→) 校長也很想做一樣的事，2028搞不好會不認輸,https://www.ptt.cc/bbs/Gossiping/M.1775269038.A.CCD.html
PTT (Comment),223.136.92.168 04/04 10:30,turndown4wat,(推) team獨裁?,https://www.ptt.cc/bbs/Gossiping/M.1775269038.A.CCD.html
PTT (Comment),61.218.134.160 04/04 10:31,bluehttp,(→) 非洲天然條件 可以跟阿拉伯國家一樣富有,https://www.ptt.cc/bbs/Gossiping/M.1775269038.A.CCD.html
PTT (Comment),114.136.153.137 04/04 10:31,diamondX,(推) 賴皮:略懂,https://www.ptt.cc/bbs/Gossiping/M.1775269038.A.CCD.html
PTT (Comment),223.138.83.156 04/04 10:32,Rayleonard,(→) 台灣也可以比照，選舉勞民傷財,https://www.ptt.cc/bbs/Gossiping/M.1775269038.A.CCD.html
PTT (Comment),49.218.147.205 04/04 10:32,cage820518,(→) 台灣一堆人迷信民主，跟百年前一堆人,https://www.ptt.cc/bbs/Gossiping/M.1775269038.A.CCD.html
PTT (Comment),49.218.147.205 04/04 10:32,cage820518,(→) 迷信共產是一樣的，統計數據中民主只,https://www.ptt.cc/bbs/Gossiping/M.1775269038.A.CCD.html
PTT (Comment),49.218.147.205 04/04 10:32,cage820518,(→) 有少數幾個國家有在繼續發展，其他的,https://www.ptt.cc/bbs/Gossiping/M.1775269038.A.CCD.html
PTT (Comment),49.218.147.205 04/04 10:32,cage820518,(→) 都陷入更多困境,https://www.ptt.cc/bbs/Gossiping/M.1775269038.A.CCD.html
PTT (Comment),36.232.146.245 04/04 10:33,scum5566,(→) 非洲民進黨?,https://www.ptt.cc/bbs/Gossiping/M.1775269038.A.CCD.html
PTT (Comment),111.249.131.65 04/04 10:33,mangle,(→) Team 戒嚴,https://www.ptt.cc/bbs/Gossiping/M.1775269038.A.CCD.html
PTT (Comment),42.70.193.237 04/04 10:34,devicer,(推) 賴：同意,https://www.ptt.cc/bbs/Gossiping/M.1775269038.A.CCD.html
PTT (Comment),49.218.251.150 04/04 10:34,lee7317,(推) 校長：不僅抄我的劇本 還搞成了@@,https://www.ptt.cc/bbs/Gossiping/M.1775269038.A.CCD.html
PTT (Comment),1.172.156.67 04/04 10:35,silomin,(推) 民主要同水準共識 然而現在也沒真正民主,https://www.ptt.cc/bbs/Gossiping/M.1775269038.A.CCD.html
PTT (Comment),42.75.6.75 04/04 10:35,selamour,(推) 布吉納法索是我們的邦交國對吧？,https://www.ptt.cc/bbs/Gossiping/M.1775269038.A.CCD.html
PTT (Comment),180.177.36.194 04/04 10:35,goldhan,(推) 非洲賴清德,https://www.ptt.cc/bbs/Gossiping/M.1775269038.A.CCD.html
PTT (Comment),27.52.194.59 04/04 10:37,cheng399,(推) 非洲閩進,https://www.ptt.cc/bbs/Gossiping/M.1775269038.A.CCD.html
PTT (Comment),114.136.159.249 04/04 10:38,keirto,(推) 好好笑喔,https://www.ptt.cc/bbs/Gossiping/M.1775269038.A.CCD.html
PTT (Comment),106.64.113.190 04/04 10:40,toro736,(推) 理想民主在邏輯根本不可能 也經不起考驗,https://www.ptt.cc/bbs/Gossiping/M.1775269038.A.CCD.html
PTT (Comment),111.249.198.185 04/04 10:40,splendidpoem,(推) 中韓台星等國的歷史都示範過了：貧,https://www.ptt.cc/bbs/Gossiping/M.1775269038.A.CCD.html
PTT (Comment),111.249.198.185 04/04 10:40,splendidpoem,(→) 窮國家必須先透過威權政府的高效率,https://www.ptt.cc/bbs/Gossiping/M.1775269038.A.CCD.html
PTT (Comment),1.160.183.144 04/04 10:40,KlayT11,(→) 非洲版賴翔德,https://www.ptt.cc/bbs/Gossiping/M.1775269038.A.CCD.html
PTT (Comment),111.249.198.185 04/04 10:40,splendidpoem,(→) 來發展經濟，再透過民主化打開發展,https://www.ptt.cc/bbs/Gossiping/M.1775269038.A.CCD.html
PTT (Comment),111.249.198.185 04/04 10:40,splendidpoem,(→) 的上限；而不是本末倒置，經濟還沒,https://www.ptt.cc/bbs/Gossiping/M.1775269038.A.CCD.html
PTT (Comment),61.227.122.223 04/04 10:40,widec,(推) 非洲不適合民主,https://www.ptt.cc/bbs/Gossiping/M.1775269038.A.CCD.html
PTT (Comment),111.249.198.185 04/04 10:40,splendidpoem,(→) 發展起來就奢談民主。甚至日本的經,https://www.ptt.cc/bbs/Gossiping/M.1775269038.A.CCD.html
PTT (Comment),114.25.173.72 04/04 10:41,aliangh,(→) 青鳥表示認同,https://www.ptt.cc/bbs/Gossiping/M.1775269038.A.CCD.html
PTT (Comment),111.249.198.185 04/04 10:41,splendidpoem,(→) 濟基礎，也是在GHQ託管的半威權時,https://www.ptt.cc/bbs/Gossiping/M.1775269038.A.CCD.html
PTT (Comment),111.249.198.185 04/04 10:41,splendidpoem,(→) 期打下的，而不是先民主化才開始富,https://www.ptt.cc/bbs/Gossiping/M.1775269038.A.CCD.html
PTT (Comment),111.249.198.185 04/04 10:41,splendidpoem,(→) 裕。,https://www.ptt.cc/bbs/Gossiping/M.1775269038.A.CCD.html
PTT (Comment),111.249.198.185 04/04 10:41,splendidpoem,(→) 如果台灣在蔣經國時期就已民主化，,https://www.ptt.cc/bbs/Gossiping/M.1775269038.A.CCD.html
PTT (Comment),111.249.198.185 04/04 10:41,splendidpoem,(→) 結果就是：政府請張忠謀來台創辦台,https://www.ptt.cc/bbs/Gossiping/M.1775269038.A.CCD.html
PTT (Comment),111.249.198.185 04/04 10:41,splendidpoem,(→) 積電，要被在野黨質疑官商勾結；十,https://www.ptt.cc/bbs/Gossiping/M.1775269038.A.CCD.html
PTT (Comment),111.249.198.185 04/04 10:41,splendidpoem,(→) 大建設在國會吵了8年，一塊磚都還,https://www.ptt.cc/bbs/Gossiping/M.1775269038.A.CCD.html
PTT (Comment),111.249.198.185 04/04 10:41,splendidpoem,(→) 沒蓋......那麼台灣現在就只是個賣,https://www.ptt.cc/bbs/Gossiping/M.1775269038.A.CCD.html
PTT (Comment),111.249.198.185 04/04 10:41,splendidpoem,(→) 水果的窮島。,https://www.ptt.cc/bbs/Gossiping/M.1775269038.A.CCD.html
PTT (Comment),114.136.179.7 04/04 10:43,villagemen,(推) 民進党做主當然不適合,https://www.ptt.cc/bbs/Gossiping/M.1775269038.A.CCD.html
PTT (Comment),114.45.78.127 04/04 10:43,fish7333,(推) 校長覺得這很讚,https://www.ptt.cc/bbs/Gossiping/M.1775269038.A.CCD.html
PTT (Comment),42.73.180.6 04/04 10:45,qday,(推) 巫婆芋還不快去問何時要選總統？,https://www.ptt.cc/bbs/Gossiping/M.1775269038.A.CCD.html
PTT (Comment),42.73.180.6 04/04 10:45,qday,(→) ^勇,https://www.ptt.cc/bbs/Gossiping/M.1775269038.A.CCD.html
PTT (Comment),118.168.159.104 04/04 10:45,marke18,(推) 真的QQ,https://www.ptt.cc/bbs/Gossiping/M.1775269038.A.CCD.html
PTT (Comment),101.3.35.63 04/04 10:46,koim,(推) 癩龜頭黨早就說過支持戒嚴了,https://www.ptt.cc/bbs/Gossiping/M.1775269038.A.CCD.html
PTT (Comment),36.239.187.248 04/04 10:49,chocoball,(推) 選舉很花錢 會被建商財團綁架或是外國,https://www.ptt.cc/bbs/Gossiping/M.1775269038.A.CCD.html
PTT (Comment),36.239.187.248 04/04 10:49,chocoball,(→) 勢力入侵 民眾也要有高教育水平素質 非,https://www.ptt.cc/bbs/Gossiping/M.1775269038.A.CCD.html
PTT (Comment),36.239.187.248 04/04 10:49,chocoball,(→) 洲的確應該沒有,https://www.ptt.cc/bbs/Gossiping/M.1775269038.A.CCD.html
PTT (Comment),116.241.206.248 04/04 10:50,Howard61313,(推) 不是喔，不是這樣的,https://www.ptt.cc/bbs/Gossiping/M.1775269038.A.CCD.html
PTT (Comment),111.242.72.203 04/04 10:51,ToumaKazusa,(推) 非洲民進黨XDD,https://www.ptt.cc/bbs/Gossiping/M.1775269038.A.CCD.html
PTT (Comment),39.9.132.81 04/04 10:53,givemelife,(推) 中分龜頭：跟我想的一樣！,https://www.ptt.cc/bbs/Gossiping/M.1775269038.A.CCD.html
PTT (Comment),223.141.174.184 04/04 10:55,demon159000,(推) 我們來看看世界發展名列前茅的國家,https://www.ptt.cc/bbs/Gossiping/M.1775269038.A.CCD.html
PTT (Comment),223.141.174.184 04/04 10:55,demon159000,(→) 北歐五國、瑞士 他們是獨裁嗎？不 民,https://www.ptt.cc/bbs/Gossiping/M.1775269038.A.CCD.html
PTT (Comment),223.141.174.184 04/04 10:55,demon159000,(→) 主國家喔,https://www.ptt.cc/bbs/Gossiping/M.1775269038.A.CCD.html
PTT (Comment),114.26.73.219 04/04 10:56,maximu,(→) 校長筆記中,https://www.ptt.cc/bbs/Gossiping/M.1775269038.A.CCD.html
PTT (Comment),49.216.91.32 04/04 10:57,chiangmh,(推) 媓：817萬憨民！嘻嘻,https://www.ptt.cc/bbs/Gossiping/M.1775269038.A.CCD.html
PTT (Comment),27.51.3.89 04/04 10:59,dogdream,(推) 癩皮神：！！,https://www.ptt.cc/bbs/Gossiping/M.1775269038.A.CCD.html
PTT (Comment),61.218.134.160 04/04 10:59,bluehttp,(→) 看看北韓 再來說民主不好,https://www.ptt.cc/bbs/Gossiping/M.1775269038.A.CCD.html
PTT (Comment),1.171.207.244 04/04 11:00,dferww55,(→) 民主不民主確實跟經濟沒什麼關係，但你,https://www.ptt.cc/bbs/Gossiping/M.1775269038.A.CCD.html
PTT (Comment),1.171.207.244 04/04 11:00,dferww55,(→) 個獨裁者不民主經濟一樣爛，只爽到你自,https://www.ptt.cc/bbs/Gossiping/M.1775269038.A.CCD.html
PTT (Comment),1.171.207.244 04/04 11:00,dferww55,(→) 己而已,https://www.ptt.cc/bbs/Gossiping/M.1775269038.A.CCD.html
PTT (Comment),1.171.207.244 04/04 11:02,dferww55,(→) 正確說法是發展民主跟發展經濟都很難，,https://www.ptt.cc/bbs/Gossiping/M.1775269038.A.CCD.html
PTT (Comment),1.171.207.244 04/04 11:02,dferww55,(→) 世界上窮國及不民主國還是居多,https://www.ptt.cc/bbs/Gossiping/M.1775269038.A.CCD.html
PTT (Comment),27.247.1.79 04/04 11:02,MOBOI,(推) 美爸要民主外送了嗎,https://www.ptt.cc/bbs/Gossiping/M.1775269038.A.CCD.html
PTT (Comment),101.10.163.142 04/04 11:03,leeyeah,(推) 萊爾筆記中,https://www.ptt.cc/bbs/Gossiping/M.1775269038.A.CCD.html
PTT (Comment),101.10.104.171 04/04 11:03,Beantownfan,(推) 使我右手高舉,https://www.ptt.cc/bbs/Gossiping/M.1775269038.A.CCD.html
PTT (Comment),36.230.169.158 04/04 11:12,MartinTW,(推) 癩皮覺得羨慕,https://www.ptt.cc/bbs/Gossiping/M.1775269038.A.CCD.html
PTT (Comment),223.137.175.192 04/04 11:13,bestshow,(推) 非洲賴皮,https://www.ptt.cc/bbs/Gossiping/M.1775269038.A.CCD.html
PTT (Comment),27.53.128.163 04/04 11:14,DA3921999,(推) 校長的學習對象又多一個了,https://www.ptt.cc/bbs/Gossiping/M.1775269038.A.CCD.html
PTT (Comment),42.75.190.192 04/04 11:16,maxboy06,(推) 龜頭表示羨慕,https://www.ptt.cc/bbs/Gossiping/M.1775269038.A.CCD.html
PTT (Comment),112.105.69.178 04/04 11:18,rainwen,(推) 獨裁是賭博，而且要一直賭下去，不要看新,https://www.ptt.cc/bbs/Gossiping/M.1775269038.A.CCD.html
PTT (Comment),112.105.69.178 04/04 11:19,rainwen,(→) 手運賭得結果不錯就覺得能賺錢。,https://www.ptt.cc/bbs/Gossiping/M.1775269038.A.CCD.html
PTT (Comment),111.241.111.81 04/04 11:19,meperidine,(→) Liar：,https://www.ptt.cc/bbs/Gossiping/M.1775269038.A.CCD.html
PTT (Comment),223.141.176.95 04/04 11:19,doubleperson,(推) 中龜看了內心不知道怎想,https://www.ptt.cc/bbs/Gossiping/M.1775269038.A.CCD.html
PTT (Comment),111.82.30.97 04/04 11:21,bnm89164,(推) 不就軍事政變，講一堆,https://www.ptt.cc/bbs/Gossiping/M.1775269038.A.CCD.html
PTT (Comment),180.176.74.55 04/04 11:22,van83619,(推) 民主就是拼拳頭,https://www.ptt.cc/bbs/Gossiping/M.1775269038.A.CCD.html
PTT (Comment),219.84.6.102 04/04 11:24,lovegogi,(→) 民進黨小編趕快去按讚跟po文支持啊,https://www.ptt.cc/bbs/Gossiping/M.1775269038.A.CCD.html
PTT (Comment),61.218.134.160 04/04 11:25,bluehttp,(→) 給自己獨裁的藉口 獨裁缺點是無人制衡,https://www.ptt.cc/bbs/Gossiping/M.1775269038.A.CCD.html
PTT (Comment),111.71.86.225 04/04 11:27,G8AJ,(→) 賴功德：喔喔 可以這樣喔 我也要,https://www.ptt.cc/bbs/Gossiping/M.1775269038.A.CCD.html
PTT (Comment),42.70.119.45 04/04 11:28,lwamp,(推) 萊爾校長表示認同,https://www.ptt.cc/bbs/Gossiping/M.1775269038.A.CCD.html
PTT (Comment),36.229.250.207 04/04 11:29,lumi0811,(推) ㄌㄨㄚˋ皇：筆記,https://www.ptt.cc/bbs/Gossiping/M.1775269038.A.CCD.html
PTT (Comment),116.241.23.24 04/04 11:30,OAVAYAVAO,(推) 川普準備中,https://www.ptt.cc/bbs/Gossiping/M.1775269038.A.CCD.html
PTT (Comment),111.83.36.159 04/04 11:32,xxxg00w0,(→) 前邦交國,https://www.ptt.cc/bbs/Gossiping/M.1775269038.A.CCD.html
PTT (Comment),223.143.230.70 04/04 11:34,melissalewis,(推) 民眾黨夢幻國度,https://www.ptt.cc/bbs/Gossiping/M.1775269038.A.CCD.html
PTT (Comment),101.12.154.204 04/04 11:36,poorenglish,(推) 這嘴臉跟前年team戒嚴的黨太像了吧,https://www.ptt.cc/bbs/Gossiping/M.1775269038.A.CCD.html
PTT (Comment),111.82.237.68 04/04 11:38,ultraccs,(推) 非洲國家 也沒利益 川普不會出手,https://www.ptt.cc/bbs/Gossiping/M.1775269038.A.CCD.html
PTT (Comment),101.3.143.35 04/04 11:39,OrangePlusXD,(→) 綠蟾蜍：什麼選舉 只能有民進黨,https://www.ptt.cc/bbs/Gossiping/M.1775269038.A.CCD.html
PTT (Comment),42.73.126.180 04/04 11:41,mow1982,(推) 狗屎民主,https://www.ptt.cc/bbs/Gossiping/M.1775269038.A.CCD.html
PTT (Comment),58.115.201.72 04/04 11:41,ivery2266,(推) 尼哥總統,https://www.ptt.cc/bbs/Gossiping/M.1775269038.A.CCD.html
PTT (Comment),27.247.193.5 04/04 11:43,dream77125,(→) 笑死綠共党的先驅,https://www.ptt.cc/bbs/Gossiping/M.1775269038.A.CCD.html
PTT (Comment),203.204.61.126 04/04 11:43,genaro,(推) 賴清很羨慕,https://www.ptt.cc/bbs/Gossiping/M.1775269038.A.CCD.html
PTT (Comment),61.228.107.125 04/04 11:45,weekend88123,(推) Team戒嚴,https://www.ptt.cc/bbs/Gossiping/M.1775269038.A.CCD.html
PTT (Comment),118.231.177.56 04/04 11:48,hojl,(推) 我的奮鬥至少還有選舉過,https://www.ptt.cc/bbs/Gossiping/M.1775269038.A.CCD.html
PTT (Comment),1.169.2.103 04/04 11:49,justboa,(推) 非洲民進黨！,https://www.ptt.cc/bbs/Gossiping/M.1775269038.A.CCD.html
PTT (Comment),27.52.65.80 04/04 11:53,samue,"(推) 狗東西,選上了就忘了誰讓他上去的",https://www.ptt.cc/bbs/Gossiping/M.1775269038.A.CCD.html
PTT (Comment),36.235.73.248 04/04 11:54,realmarmot,(→) 非洲賴 笑死,https://www.ptt.cc/bbs/Gossiping/M.1775269038.A.CCD.html
PTT (Comment),111.83.38.82 04/04 11:58,shin0924,(推) 誠實,https://www.ptt.cc/bbs/Gossiping/M.1775269038.A.CCD.html
PTT (Comment),111.243.221.159 04/04 11:59,jiaching,(推) 青鳥表示羨慕,https://www.ptt.cc/bbs/Gossiping/M.1775269038.A.CCD.html
PTT (Comment),27.242.165.189 04/04 12:00,DogBe106,(推) 先進國家,https://www.ptt.cc/bbs/Gossiping/M.1775269038.A.CCD.html
PTT (Comment),27.242.165.189 04/04 12:02,DogBe106,(→) 誰敢跟我講民主打到鼻樑出血民主,https://www.ptt.cc/bbs/Gossiping/M.1775269038.A.CCD.html
PTT (Comment),42.75.115.9 04/04 12:02,yckevin,(推) 差不多 我們選民也會失智,https://www.ptt.cc/bbs/Gossiping/M.1775269038.A.CCD.html
PTT (Comment),42.76.203.238 04/04 12:03,Belial1991,(推) 桑卡拉被掛掉後 這國家就是這樣了,https://www.ptt.cc/bbs/Gossiping/M.1775269038.A.CCD.html
PTT (Comment),101.12.154.221 04/04 12:04,ks2384im,(推) 考慮民族性或是宗教某些族群真的不,https://www.ptt.cc/bbs/Gossiping/M.1775269038.A.CCD.html
PTT (Comment),101.12.154.221 04/04 12:04,ks2384im,(→) 適合民主。,https://www.ptt.cc/bbs/Gossiping/M.1775269038.A.CCD.html
PTT (Comment),111.83.193.107 04/04 12:05,paul2chiu,(→) 中分龜頭：確實,https://www.ptt.cc/bbs/Gossiping/M.1775269038.A.CCD.html
PTT (Comment),42.74.205.15 04/04 12:09,RozenMaidenI,(→) 上尉當人頭吧 不然將軍在幹麻,https://www.ptt.cc/bbs/Gossiping/M.1775269038.A.CCD.html
PTT (Comment),123.193.167.27 04/04 12:09,ggyypp616,(推) 三立可以去那做節目了,https://www.ptt.cc/bbs/Gossiping/M.1775269038.A.CCD.html
PTT (Comment),90.182.75.182 04/04 12:11,Qaaaa,(→) 正常ㄅ 板上鄉民也超狗幹民主制度ㄚ,https://www.ptt.cc/bbs/Gossiping/M.1775269038.A.CCD.html
PTT (Comment),114.43.112.78 04/04 12:12,ericthree,(→) #放下選舉 #守護民主,https://www.ptt.cc/bbs/Gossiping/M.1775269038.A.CCD.html
PTT (Comment),111.83.67.115 04/04 12:15,baddad,(推) xD,https://www.ptt.cc/bbs/Gossiping/M.1775269038.A.CCD.html
PTT (Comment),114.41.109.250 04/04 12:16,littleaoc,(→) So what?,https://www.ptt.cc/bbs/Gossiping/M.1775269038.A.CCD.html
PTT (Comment),113.185.77.159 04/04 12:16,myth0422,(噓) 之後就會出現“選舉是傷害民主”的言論,https://www.ptt.cc/bbs/Gossiping/M.1775269038.A.CCD.html
PTT (Comment),113.185.77.159 04/04 12:16,myth0422,(→) 了 嘻嘻,https://www.ptt.cc/bbs/Gossiping/M.1775269038.A.CCD.html
PTT (Comment),101.10.76.124 04/04 12:16,basketone,(推) 台灣就是表面看起來很民主而已,https://www.ptt.cc/bbs/Gossiping/M.1775269038.A.CCD.html
PTT (Comment),39.9.72.55 04/04 12:19,pccheni,(→) 非洲中龜,https://www.ptt.cc/bbs/Gossiping/M.1775269038.A.CCD.html
PTT (Comment),49.218.151.198 04/04 12:20,cat5672,(推) 具體問題還是要具體解決 不然談這些原則,https://www.ptt.cc/bbs/Gossiping/M.1775269038.A.CCD.html
PTT (Comment),49.218.151.198 04/04 12:20,cat5672,(→) 都是在空談,https://www.ptt.cc/bbs/Gossiping/M.1775269038.A.CCD.html
PTT (Comment),114.136.232.62 04/04 12:22,hw1,(推) 賴皮表示認同,https://www.ptt.cc/bbs/Gossiping/M.1775269038.A.CCD.html
PTT (Comment),223.140.115.156 04/04 12:24,pipipa,(→) 呵,https://www.ptt.cc/bbs/Gossiping/M.1775269038.A.CCD.html
PTT (Comment),1.175.176.246 04/04 12:26,attpp,(推) 賴清德：對！對！,https://www.ptt.cc/bbs/Gossiping/M.1775269038.A.CCD.html
PTT (Comment),223.140.141.19 04/04 12:29,KH8019,(推) 賴皮：筆記,https://www.ptt.cc/bbs/Gossiping/M.1775269038.A.CCD.html
PTT (Comment),36.236.64.180 04/04 12:31,meatmm,(推) 會有某小編重出江湖去點讚嗎?,https://www.ptt.cc/bbs/Gossiping/M.1775269038.A.CCD.html
PTT (Comment),42.79.120.49 04/04 12:33,userlance,(推) 非洲正常，到最後只會把巫師選上去,https://www.ptt.cc/bbs/Gossiping/M.1775269038.A.CCD.html
PTT (Comment),49.217.59.144 04/04 12:35,ldeathkiller,(推) 區區上尉???,https://www.ptt.cc/bbs/Gossiping/M.1775269038.A.CCD.html
PTT (Comment),36.233.90.114 04/04 12:37,kikujiro,(推) https://i.imgur.com/vTMes8G.gif,https://www.ptt.cc/bbs/Gossiping/M.1775269038.A.CCD.html
PTT (Comment),101.10.164.68 04/04 12:38,BILLYBOY,(→) 人民素質決定民主是否成功 不過放心 我,https://www.ptt.cc/bbs/Gossiping/M.1775269038.A.CCD.html
PTT (Comment),101.10.164.68 04/04 12:38,BILLYBOY,(→) 們有民主進步地區在罩 （誤,https://www.ptt.cc/bbs/Gossiping/M.1775269038.A.CCD.html
PTT (Comment),59.102.167.166 04/04 12:39,zetatmrptt,(推) 頭腦很清楚 統治不同人要用不同方式,https://www.ptt.cc/bbs/Gossiping/M.1775269038.A.CCD.html
PTT (Comment),36.227.181.47 04/04 12:40,mnb1234,(推) 賴清德：我懂,https://www.ptt.cc/bbs/Gossiping/M.1775269038.A.CCD.html
PTT (Comment),114.39.63.220 04/04 12:40,InfocusM510,(推) 非洲校長,https://www.ptt.cc/bbs/Gossiping/M.1775269038.A.CCD.html
PTT (Comment),39.9.40.24 04/04 12:41,lexjiang,(→) 一堆傻蛆是在臭跟中共建交的是傻子,https://www.ptt.cc/bbs/Gossiping/M.1775269038.A.CCD.html
PTT (Comment),39.9.40.24 04/04 12:41,lexjiang,(→) ？順便臭中共的中國不是民主國家，,https://www.ptt.cc/bbs/Gossiping/M.1775269038.A.CCD.html
PTT (Comment),39.9.40.24 04/04 12:41,lexjiang,(→) 真是傻蛆，臭到自己的主子,https://www.ptt.cc/bbs/Gossiping/M.1775269038.A.CCD.html
PTT (Comment),101.10.108.124 04/04 12:46,Yuta659,(→) 民進黨那群畜生還挺過韓國戒嚴 幹你娘,https://www.ptt.cc/bbs/Gossiping/M.1775269038.A.CCD.html
PTT (Comment),101.10.108.124 04/04 12:46,Yuta659,(→) 畜生智障青鳥側翼沒人對這件事譴責過 這,https://www.ptt.cc/bbs/Gossiping/M.1775269038.A.CCD.html
PTT (Comment),101.10.108.124 04/04 12:46,Yuta659,(→) 群畜生沒是非 沒救了,https://www.ptt.cc/bbs/Gossiping/M.1775269038.A.CCD.html
PTT (Comment),36.227.127.189 04/04 12:49,ghghfftjack,(推) 布吉納法索國名意思是 正人君子之國,https://www.ptt.cc/bbs/Gossiping/M.1775269038.A.CCD.html
PTT (Comment),114.136.228.174 04/04 12:49,MyPetTankDie,(→) 說民主是君權劣化必然會出現的副產,https://www.ptt.cc/bbs/Gossiping/M.1775269038.A.CCD.html
PTT (Comment),114.136.228.174 04/04 12:50,MyPetTankDie,(→) 物雖然諷刺，但好像也沒有錯。不過,https://www.ptt.cc/bbs/Gossiping/M.1775269038.A.CCD.html
PTT (Comment),114.136.228.174 04/04 12:50,MyPetTankDie,(→) 他的獨裁再好也只有這代而已，以後,https://www.ptt.cc/bbs/Gossiping/M.1775269038.A.CCD.html
PTT (Comment),114.136.228.174 04/04 12:50,MyPetTankDie,(→) 還是會有革命讓他的努力墮為民主，,https://www.ptt.cc/bbs/Gossiping/M.1775269038.A.CCD.html
PTT (Comment),114.136.228.174 04/04 12:50,MyPetTankDie,(→) 結論還是變民主啊lol,https://www.ptt.cc/bbs/Gossiping/M.1775269038.A.CCD.html
PTT (Comment),49.218.143.235 04/04 12:50,rockmanxxxx,(推) 台灣不是：沒有喔 不是票多的贏哦,https://www.ptt.cc/bbs/Gossiping/M.1775269038.A.CCD.html
PTT (Comment),114.136.228.174 04/04 12:50,MyPetTankDie,(→) 很多國家民間的程度不適合民主也是,https://www.ptt.cc/bbs/Gossiping/M.1775269038.A.CCD.html
PTT (Comment),111.248.92.179 04/04 12:50,jackie36952,(推) 又是一樣的劇本,https://www.ptt.cc/bbs/Gossiping/M.1775269038.A.CCD.html
PTT (Comment),114.136.228.174 04/04 12:51,MyPetTankDie,(→) 真的就是了,https://www.ptt.cc/bbs/Gossiping/M.1775269038.A.CCD.html
PTT (Comment),36.230.44.15 04/04 12:51,WWIII,(→) 要帶領非洲 再度偉大,https://www.ptt.cc/bbs/Gossiping/M.1775269038.A.CCD.html
PTT (Comment),114.136.241.137 04/04 12:52,dogdudu,(→) 臺灣的中選會委員…..,https://www.ptt.cc/bbs/Gossiping/M.1775269038.A.CCD.html
PTT (Comment),110.30.168.53 04/04 12:53,a210510,(→) 認真說 如果十大建設那時候有dpp出來吵,https://www.ptt.cc/bbs/Gossiping/M.1775269038.A.CCD.html
PTT (Comment),110.30.168.53 04/04 12:53,a210510,(→) 一定不可能蓋完,https://www.ptt.cc/bbs/Gossiping/M.1775269038.A.CCD.html
PTT (Comment),114.36.246.69 04/04 12:54,vul81320,(推) 這根台灣那個人渣有什麼不一樣,https://www.ptt.cc/bbs/Gossiping/M.1775269038.A.CCD.html
PTT (Comment),122.117.174.25 04/04 12:54,St3480,(推) 賴清德非洲色違版,https://www.ptt.cc/bbs/Gossiping/M.1775269038.A.CCD.html
PTT (Comment),113.185.42.189 04/04 12:55,fallen01,(→) 非洲清德,https://www.ptt.cc/bbs/Gossiping/M.1775269038.A.CCD.html
PTT (Comment),42.70.110.156 04/04 12:56,dragon9487,(推) 政變上台的人，很快就會因政變下台,https://www.ptt.cc/bbs/Gossiping/M.1775269038.A.CCD.html
PTT (Comment),223.140.198.13 04/04 12:58,nikidd,(→) 支那狗也不愛民主,https://www.ptt.cc/bbs/Gossiping/M.1775269038.A.CCD.html
PTT (Comment),223.136.226.122 04/04 13:03,HNCB2880,(→) 中分龜頭表示羨慕,https://www.ptt.cc/bbs/Gossiping/M.1775269038.A.CCD.html
PTT (Comment),36.224.115.78 04/04 13:10,ss88812,(推) 賴皮高潮了 學起來,https://www.ptt.cc/bbs/Gossiping/M.1775269038.A.CCD.html
PTT (Comment),150.116.232.87 04/04 13:10,HappyKH,(噓) 真的是狗屎爛國,https://www.ptt.cc/bbs/Gossiping/M.1775269038.A.CCD.html
PTT (Comment),118.163.139.199 04/04 13:11,popptt,(→) 讚耶,https://www.ptt.cc/bbs/Gossiping/M.1775269038.A.CCD.html
PTT (Comment),118.163.139.199 04/04 13:12,popptt,(→) 賴皮快點學起來！！！,https://www.ptt.cc/bbs/Gossiping/M.1775269038.A.CCD.html
PTT (Comment),111.250.114.8 04/04 13:17,jehow,(推) 民主可以發展 只是要行政人員配合法治 司,https://www.ptt.cc/bbs/Gossiping/M.1775269038.A.CCD.html
PTT (Comment),111.250.114.8 04/04 13:17,jehow,(→) 法還要獨立 否則國家只是亂而已,https://www.ptt.cc/bbs/Gossiping/M.1775269038.A.CCD.html
PTT (Comment),49.216.89.222 04/04 13:18,qaz12453,(噓) 難怪有鳥挺戒嚴,https://www.ptt.cc/bbs/Gossiping/M.1775269038.A.CCD.html
PTT (Comment),61.71.222.231 04/04 13:19,gn02620938,(推) 青鳥最愛這一味,https://www.ptt.cc/bbs/Gossiping/M.1775269038.A.CCD.html
PTT (Comment),61.228.133.128 04/04 13:20,as6565as5656,(推) 布吉納法索的翻譯是君子之國。,https://www.ptt.cc/bbs/Gossiping/M.1775269038.A.CCD.html
PTT (Comment),1.161.67.93 04/04 13:25,ndtoseooqd,(推) 支那好朋友都嘛這樣,https://www.ptt.cc/bbs/Gossiping/M.1775269038.A.CCD.html
PTT (Comment),111.255.149.85 04/04 13:27,Mikudance0,(推) https://imgur.com/gcrp0Vs,https://www.ptt.cc/bbs/Gossiping/M.1775269038.A.CCD.html
PTT (Comment),223.118.51.94 04/04 13:27,TeddyisaBear,(推) 斷交後馬上獨裁化嘻嘻,https://www.ptt.cc/bbs/Gossiping/M.1775269038.A.CCD.html
PTT (Comment),42.72.177.111 04/04 13:28,ClarinetWork,(推) 輸了,https://www.ptt.cc/bbs/Gossiping/M.1775269038.A.CCD.html
PTT (Comment),49.216.166.251 04/04 13:29,HOMEWA,(推) 非洲賴清德示範好了,https://www.ptt.cc/bbs/Gossiping/M.1775269038.A.CCD.html
PTT (Comment),1.168.56.215 04/04 13:31,lorhokok,(推) 非洲萊爾校長,https://www.ptt.cc/bbs/Gossiping/M.1775269038.A.CCD.html
PTT (Comment),36.224.65.235 04/04 13:31,a123444556,(推) 賴皮：原來還有這招阿 謝謝你的示範,https://www.ptt.cc/bbs/Gossiping/M.1775269038.A.CCD.html
PTT (Comment),111.82.180.138 04/04 13:32,jjler,(推) 聽說有個東南亞蕃薯小島 TEAM戒嚴,https://www.ptt.cc/bbs/Gossiping/M.1775269038.A.CCD.html
PTT (Comment),49.216.132.178 04/04 13:33,kasim15,(推) 支持,https://www.ptt.cc/bbs/Gossiping/M.1775269038.A.CCD.html
PTT (Comment),49.216.91.32 04/04 13:34,chiangmh,(推) https://i.meee.com.tw/hCtyKjB.jpg,https://www.ptt.cc/bbs/Gossiping/M.1775269038.A.CCD.html
PTT (Comment),118.150.175.153 04/04 13:35,linceass,(推) 賴清德直呼專業,https://www.ptt.cc/bbs/Gossiping/M.1775269038.A.CCD.html
PTT (Comment),49.215.239.211 04/04 13:36,hotbath,(→) 賴神準備好了,https://www.ptt.cc/bbs/Gossiping/M.1775269038.A.CCD.html
PTT (Comment),106.64.144.82 04/04 13:43,angelwithzer,(推) 党學起來了,https://www.ptt.cc/bbs/Gossiping/M.1775269038.A.CCD.html
PTT (Comment),111.251.193.156 04/04 13:47,lupolewis,(推) 非洲青鳥,https://www.ptt.cc/bbs/Gossiping/M.1775269038.A.CCD.html
PTT (Comment),203.73.171.22 04/04 13:50,divinespirit,(推) https://i.imgur.com/8wkygUO.jpeg,https://www.ptt.cc/bbs/Gossiping/M.1775269038.A.CCD.html
PTT (Comment),203.73.171.22 04/04 13:50,divinespirit,(推) https://i.imgur.com/QPp4jEL.jpeg,https://www.ptt.cc/bbs/Gossiping/M.1775269038.A.CCD.html
PTT (Comment),203.73.171.22 04/04 13:50,divinespirit,(→) https://i.imgur.com/XVU6oMy.jpeg,https://www.ptt.cc/bbs/Gossiping/M.1775269038.A.CCD.html
PTT (Comment),203.73.171.22 04/04 13:50,divinespirit,(→) https://i.imgur.com/suvu3aI.jpeg,https://www.ptt.cc/bbs/Gossiping/M.1775269038.A.CCD.html
PTT (Comment),203.73.171.22 04/04 13:50,divinespirit,(→) https://i.imgur.com/X3GzRIN.jpeg,https://www.ptt.cc/bbs/Gossiping/M.1775269038.A.CCD.html
PTT (Comment),27.52.134.201 04/04 13:53,nakato,(→) 中龜學到了,https://www.ptt.cc/bbs/Gossiping/M.1775269038.A.CCD.html
PTT (Comment),101.10.60.131 04/04 13:58,hsiang1049,(→) 中分龜：筆記,https://www.ptt.cc/bbs/Gossiping/M.1775269038.A.CCD.html
PTT (Comment),49.217.202.162 04/04 14:00,georgez,(推) 民進黨上身喔?,https://www.ptt.cc/bbs/Gossiping/M.1775269038.A.CCD.html
PTT (Comment),42.77.131.62 04/04 14:01,donotggyy,(推) 賴皮:說的好!!,https://www.ptt.cc/bbs/Gossiping/M.1775269038.A.CCD.html
PTT (Comment),101.8.240.228 04/04 14:03,leterg,(推) 非洲日常,https://www.ptt.cc/bbs/Gossiping/M.1775269038.A.CCD.html
PTT (Comment),42.72.53.171 04/04 14:11,h79718j06,(推) 綠共口嫌體正直,https://www.ptt.cc/bbs/Gossiping/M.1775269038.A.CCD.html
PTT (Comment),1.170.120.1 04/04 14:13,kenny945,(推) 居然偷校長的台詞,https://www.ptt.cc/bbs/Gossiping/M.1775269038.A.CCD.html
PTT (Comment),223.138.126.91 04/04 14:14,uniqlo5566,(推) cheater：I've learned it.,https://www.ptt.cc/bbs/Gossiping/M.1775269038.A.CCD.html
PTT (Comment),211.23.251.135 04/04 14:15,ThreekRoger,(→) 就算搞獨裁還是需要其他政黨啦...,https://www.ptt.cc/bbs/Gossiping/M.1775269038.A.CCD.html
PTT (Comment),211.23.251.135 04/04 14:16,ThreekRoger,(→) 一個人沒那麼萬能管全國的人,https://www.ptt.cc/bbs/Gossiping/M.1775269038.A.CCD.html
PTT (Comment),101.12.153.146 04/04 14:17,OGC168,(推) 一隻龜表示羡慕,https://www.ptt.cc/bbs/Gossiping/M.1775269038.A.CCD.html
PTT (Comment),211.23.251.135 04/04 14:17,ThreekRoger,(→) 還是要分肉給其他人幫忙管,https://www.ptt.cc/bbs/Gossiping/M.1775269038.A.CCD.html
PTT (Comment),219.100.37.236 04/04 14:19,cocabell,(推) 民主本身也是個謊言 現實是:大老闆能透,https://www.ptt.cc/bbs/Gossiping/M.1775269038.A.CCD.html
PTT (Comment),219.100.37.236 04/04 14:19,cocabell,(→) 過金權影響政治 不需要跟賤民去投那可,https://www.ptt.cc/bbs/Gossiping/M.1775269038.A.CCD.html
PTT (Comment),219.100.37.236 04/04 14:19,cocabell,(→) 憐的一票 選舉很花錢 不然錢從哪來？,https://www.ptt.cc/bbs/Gossiping/M.1775269038.A.CCD.html
PTT (Comment),219.100.37.236 04/04 14:24,cocabell,(→) 民主->有錢人(話語權)才有資格談民主,https://www.ptt.cc/bbs/Gossiping/M.1775269038.A.CCD.html
PTT (Comment),219.100.37.236 04/04 14:24,cocabell,(→) 其他鬼話都只是安慰你各位賤民用的 讓,https://www.ptt.cc/bbs/Gossiping/M.1775269038.A.CCD.html
PTT (Comment),219.100.37.236 04/04 14:24,cocabell,(→) 你產生幻覺自認為有參與感 但真相是:你,https://www.ptt.cc/bbs/Gossiping/M.1775269038.A.CCD.html
PTT (Comment),219.100.37.236 04/04 14:24,cocabell,(→) 只是個棋子兼韭菜,https://www.ptt.cc/bbs/Gossiping/M.1775269038.A.CCD.html
PTT (Comment),49.217.194.60 04/04 14:29,joe199277,(推) 賴：,https://www.ptt.cc/bbs/Gossiping/M.1775269038.A.CCD.html
PTT (Comment),27.247.166.55 04/04 14:32,allgking,(→) 賴皮表示羨慕,https://www.ptt.cc/bbs/Gossiping/M.1775269038.A.CCD.html
PTT (Comment),125.229.174.79 04/04 14:32,genesis2125,(推) 賴缺德快學起來,https://www.ptt.cc/bbs/Gossiping/M.1775269038.A.CCD.html
PTT (Comment),223.136.141.243 04/04 14:37,encoreg57985,(推) 哈,https://www.ptt.cc/bbs/Gossiping/M.1775269038.A.CCD.html
PTT (Comment),143.179.192.152 04/04 14:42,sbflight,(推) 民主不用成本嗎 這樣怎麼炒房跟詐騙,https://www.ptt.cc/bbs/Gossiping/M.1775269038.A.CCD.html
PTT (Comment),111.71.65.50 04/04 14:51,MarchelKaton,(噓) 八卦很多人贊同獨裁,https://www.ptt.cc/bbs/Gossiping/M.1775269038.A.CCD.html
PTT (Comment),61.224.151.183 04/04 14:52,capayron,(推) 智障太多真的不適合民主,https://www.ptt.cc/bbs/Gossiping/M.1775269038.A.CCD.html
PTT (Comment),122.116.197.38 04/04 14:52,tello,(→) 希特勒可沒有搞軍事政變上台,https://www.ptt.cc/bbs/Gossiping/M.1775269038.A.CCD.html
PTT (Comment),42.70.255.31 04/04 14:54,henryyuan,(推) https://i.imgur.com/a564QoR.jpeg,https://www.ptt.cc/bbs/Gossiping/M.1775269038.A.CCD.html
PTT (Comment),114.136.161.68 04/04 14:58,cowjeff,(噓) 能選出雨刷當民代的地方也不適合民主制,https://www.ptt.cc/bbs/Gossiping/M.1775269038.A.CCD.html
PTT (Comment),49.216.52.153 04/04 15:11,azzc1031,(推) 萊爾：偶像,https://www.ptt.cc/bbs/Gossiping/M.1775269038.A.CCD.html
PTT (Comment),110.30.113.84 04/04 15:14,AbianMa19,(推) 賴清德這樣做傻鳥也會支持,https://www.ptt.cc/bbs/Gossiping/M.1775269038.A.CCD.html
PTT (Comment),42.73.135.17 04/04 15:16,after1,(推) 不是喔   不是這樣子的喔,https://www.ptt.cc/bbs/Gossiping/M.1775269038.A.CCD.html
PTT (Comment),219.70.45.27 04/04 15:20,g9911761,(推) 有資源也要有技術挖出來,https://www.ptt.cc/bbs/Gossiping/M.1775269038.A.CCD.html
PTT (Comment),106.64.168.70 04/04 15:37,wayne530,(推) 如果是強人 也不一定是壞事,https://www.ptt.cc/bbs/Gossiping/M.1775269038.A.CCD.html
PTT (Comment),124.218.96.189 04/04 15:41,stockdj339,(→) 跟藍白愛中國一樣的道理,https://www.ptt.cc/bbs/Gossiping/M.1775269038.A.CCD.html
PTT (Comment),49.159.210.125 04/04 15:43,CriminalCAO,(推) 非洲中分龜,https://www.ptt.cc/bbs/Gossiping/M.1775269038.A.CCD.html
PTT (Comment),39.14.232.110 04/04 16:20,NormalRay,(推) 可能還要一個有桑卡拉的覺悟的人,https://www.ptt.cc/bbs/Gossiping/M.1775269038.A.CCD.html
PTT (Comment),49.216.91.32 04/04 16:24,chiangmh,(推) 非洲賴清德 嘻嘻,https://www.ptt.cc/bbs/Gossiping/M.1775269038.A.CCD.html
PTT (Comment),223.140.253.26 04/04 16:25,Tsukasa0320,(推) 八卦肥宅的理想國家,https://www.ptt.cc/bbs/Gossiping/M.1775269038.A.CCD.html
PTT (Comment),194.78.224.93 04/04 16:41,leechester,(→) 校長表示羨慕 學起來,https://www.ptt.cc/bbs/Gossiping/M.1775269038.A.CCD.html
PTT (Comment),218.164.135.30 04/04 16:50,futen424,(→) 青鳥：真的，我們也在學習共產制度,https://www.ptt.cc/bbs/Gossiping/M.1775269038.A.CCD.html
PTT (Comment),123.241.38.56 04/04 16:54,cutesoda,(推) 他真的是我們的邦交國啊,https://www.ptt.cc/bbs/Gossiping/M.1775269038.A.CCD.html
PTT (Comment),223.137.17.254 04/04 17:01,eeccms,(推) https://i.imgur.com/vz9DfN5.png,https://www.ptt.cc/bbs/Gossiping/M.1775269038.A.CCD.html
PTT (Comment),36.231.216.253 04/04 17:05,alladult,(推) 非洲蔣介石,https://www.ptt.cc/bbs/Gossiping/M.1775269038.A.CCD.html
PTT (Comment),61.61.61.196 04/04 17:20,teakdavid968,(推) 首先你要有軍隊支持才能喊,https://www.ptt.cc/bbs/Gossiping/M.1775269038.A.CCD.html
PTT (Comment),1.161.24.108 04/04 17:30,runedcross,(推) 龜頭表示喜歡,https://www.ptt.cc/bbs/Gossiping/M.1775269038.A.CCD.html
PTT (Comment),42.79.143.192 04/04 17:30,ocwandu,(→) 蠢鳥：如果藍白還有票 那我們也不適合民,https://www.ptt.cc/bbs/Gossiping/M.1775269038.A.CCD.html
PTT (Comment),42.79.143.192 04/04 17:30,ocwandu,(→) 主,https://www.ptt.cc/bbs/Gossiping/M.1775269038.A.CCD.html
PTT (Comment),110.28.99.241 04/04 17:52,angelology,(推) 笑死獨裁萬歲,https://www.ptt.cc/bbs/Gossiping/M.1775269038.A.CCD.html
PTT (Comment),61.64.1.1 04/04 17:59,ahm001aaa,(推) 萊爾校長表示認同,https://www.ptt.cc/bbs/Gossiping/M.1775269038.A.CCD.html
PTT (Comment),36.231.82.46 04/04 18:04,Alcazer,(推) 民主確實不適合傻子多及自以為聰明的國家,https://www.ptt.cc/bbs/Gossiping/M.1775269038.A.CCD.html
PTT (Comment),114.26.174.88 04/04 18:20,aDesperado,(推) 應該來多跟黨的包裝民主討教,https://www.ptt.cc/bbs/Gossiping/M.1775269038.A.CCD.html
PTT (Comment),118.166.152.196 04/04 18:28,lopestandard,(推) 中共適合台灣人,https://www.ptt.cc/bbs/Gossiping/M.1775269038.A.CCD.html
PTT (Comment),36.239.44.119 04/04 18:31,evarei6124,(推) 點出事實 所有文明起源都不是民主制度,https://www.ptt.cc/bbs/Gossiping/M.1775269038.A.CCD.html
PTT (Comment),36.239.44.119 04/04 18:31,evarei6124,(→) 越落後的地方越不適合民主,https://www.ptt.cc/bbs/Gossiping/M.1775269038.A.CCD.html
PTT (Comment),49.215.218.86 04/04 19:08,Kelvinchen,(→) 非洲萊爾，可以喊更大的民主,https://www.ptt.cc/bbs/Gossiping/M.1775269038.A.CCD.html
PTT (Comment),219.91.22.7 04/04 19:17,mimicqneb,(推) 民主是民主 選舉是選舉 北韓也有選舉,https://www.ptt.cc/bbs/Gossiping/M.1775269038.A.CCD.html
PTT (Comment),219.91.22.7 04/04 19:17,mimicqneb,(→) 笑死,https://www.ptt.cc/bbs/Gossiping/M.1775269038.A.CCD.html
PTT (Comment),180.177.34.52 04/04 19:24,Rigogo,(噓) 賴龜邊聽邊跟阿北一樣振臂,https://www.ptt.cc/bbs/Gossiping/M.1775269038.A.CCD.html
PTT (Comment),49.217.197.175 04/04 20:04,donoh183,(推) 民進黨開始學了,https://www.ptt.cc/bbs/Gossiping/M.1775269038.A.CCD.html
PTT (Comment),203.204.231.30 04/05 00:42,su0109,(推) 川表示羨慕嫉妒恨,https://www.ptt.cc/bbs/Gossiping/M.1775269038.A.CCD.html
PTT (Comment),203.204.231.30 04/05 00:42,su0109,(→) 賴表示贊同，這是新民主,https://www.ptt.cc/bbs/Gossiping/M.1775269038.A.CCD.html
PTT (Comment),49.217.127.133 04/05 02:13,steven5026,(推) 民進黨羨慕的要死,https://www.ptt.cc/bbs/Gossiping/M.1775269038.A.CCD.html
PTT (Comment),101.12.145.250 04/05 08:15,ks2384im,(推) 非洲帝國再次偉大,https://www.ptt.cc/bbs/Gossiping/M.1775269038.A.CCD.html
PTT (Comment),210.66.129.115 04/06 05:01,brownbear,(→) 賴的榜樣,https://www.ptt.cc/bbs/Gossiping/M.1775269038.A.CCD.html
PTT,Fri Apr  3 19:16:52 2026,nk11208z (Gossiping),"現在AI TOKEN那麼貴，會有候選人選擇贈送AI TOKEN或是龍蝦，這種的很難定義是多少錢
吧


那這樣就完美規避買票行為了，希望各位候選人，趕快送Token,不然我一天要消耗40USD

在這樣下去遲早破產

--
※ 發信站: 批踢踢實業坊(ptt.cc), 來自: 39.12.24.221 (臺灣)
※ 文章網址: https://www.ptt.cc/bbs/Gossiping/M.1775215014.A.339.html",https://www.ptt.cc/bbs/Gossiping/M.1775215014.A.339.html
PTT (Comment),111.71.212.17 04/03 19:18,snow3804,(→) 那你會投民進黨嗎,https://www.ptt.cc/bbs/Gossiping/M.1775215014.A.339.html
PTT,Thu Apr  2 22:32:48 2026,OAO5566 (Gossiping),"川普從委內瑞拉，到伊朗戰爭以來

每次都說取得巨大勝利

每次都說他贏了

每次都贏麻了！

簡直是包贏的！

今年期中選舉，如果共和黨一敗塗地

川普會不會也說他贏了？

--
※ 發信站: 批踢踢實業坊(ptt.cc), 來自: 223.139.118.171 (臺灣)
※ 文章網址: https://www.ptt.cc/bbs/Gossiping/M.1775140370.A.7F0.html",https://www.ptt.cc/bbs/Gossiping/M.1775140370.A.7F0.html
PTT (Comment),39.15.16.49 04/02 22:34,em4,(→) 上次輸沒亂吧,https://www.ptt.cc/bbs/Gossiping/M.1775140370.A.7F0.html
PTT (Comment),110.28.115.76 04/02 22:34,AustinRivers,(推) 贏,https://www.ptt.cc/bbs/Gossiping/M.1775140370.A.7F0.html
PTT (Comment),42.73.236.10 04/02 22:37,duringtime,(推) 蒿兔露絲,https://www.ptt.cc/bbs/Gossiping/M.1775140370.A.7F0.html
PTT (Comment),122.100.112.185 04/02 22:40,pinhanpaul,(推) 不是票多的贏喔  不是喔,https://www.ptt.cc/bbs/Gossiping/M.1775140370.A.7F0.html
PTT (Comment),49.217.142.52 04/02 22:43,leito,(推) 問曹董啊 裝贏他很熟,https://www.ptt.cc/bbs/Gossiping/M.1775140370.A.7F0.html
PTT (Comment),42.78.176.109 04/02 22:44,sdamel,(→) 輸了你贏了世界又如何,https://www.ptt.cc/bbs/Gossiping/M.1775140370.A.7F0.html
PTT (Comment),1.173.93.110 04/02 22:48,rLks02,(→) 學台灣用「更大的民主」就不會輸了,https://www.ptt.cc/bbs/Gossiping/M.1775140370.A.7F0.html
PTT (Comment),116.241.252.70 04/02 22:54,mapulcatt,(→) 他會說選舉被民主黨偷走了吧,https://www.ptt.cc/bbs/Gossiping/M.1775140370.A.7F0.html
PTT (Comment),49.217.49.160 04/02 22:57,windalso,(→) 更大的民主 用行政權癱瘓立法權,https://www.ptt.cc/bbs/Gossiping/M.1775140370.A.7F0.html
PTT (Comment),111.250.119.6 04/02 23:03,swfswf,(→) 像賴清德一樣，大罷免大烙賽，說沒有人輸,https://www.ptt.cc/bbs/Gossiping/M.1775140370.A.7F0.html
PTT (Comment),182.234.187.215 04/02 23:10,cmwdodo,(推) 學綠共輸不起翻桌，不副署,https://www.ptt.cc/bbs/Gossiping/M.1775140370.A.7F0.html
PTT (Comment),223.143.14.130 04/02 23:11,fertalizer,(→) 肯定會說 民主黨偷走選舉,https://www.ptt.cc/bbs/Gossiping/M.1775140370.A.7F0.html
PTT (Comment),61.219.246.91 04/03 00:02,Wantway,(推) 輸的沒有想像中的多 就算我們贏,https://www.ptt.cc/bbs/Gossiping/M.1775140370.A.7F0.html
PTT,Thu Apr  2 18:05:33 2026,school5566 (Gossiping),"※ 引述《loveyouwei (小哲哥哥)》之銘言：
: 從有選舉權開始到現在，我真的認為大家選舉都是盲選，每年選舉前我們能夠再到處看到
: 海報，不管啦都希望大家投自己票，說實在的我們都並不認識這些人，我們更不知道他曾
: 經為了人民做了什麼事情？
: 為什麼不能有一個有公信力的網站，把每一個候選人的資料完整刊登在上面？包含他曾經
: 為人民做過哪些事？做到什麼程度？
: 再次參選的候選人，他上一屆的政見是什麼？他執行了多少？每一項政見不只是開會中提
: 出，他有沒有實際的去監督？最後這些案子都完成了嗎？完成了多少進度？開會期間總共
: 應到多少次實到到多少次？
: 任職的這幾年有幫了多少人民處理事情？處理了什麼？結果又如何？
: 我知道這必須要很有耐心而且認真的去追查這些事情，但是從有循跡以來從來沒有公信力
: 的網站或聯合律師去做這些認證，才會導致我們永遠都不知道每次選舉推出來的候選人他
: 們到底值不值得我們為他投票？
: 現在的選舉都是我支持藍的我就隨便投一個藍的，我支持綠的我就隨便討一個綠的，很多
: 競選的海報上都寫為了市民人民打拼，問題做了什麼我們根本就不知道啊！這樣的選舉不
: 根本就是一個盲選嗎？大家盲目投票投下去又有什麼意義？
: 就好像慈善捐款一樣，多少慈善捐款沒有公佈明細，沒有公佈款項的用途，到最後就是不
: 了了之，為什麼政府或學者律師都不能有人認真的想到這些事情，然後去實踐讓大家能夠
: 明明白白的知道自己要投的人到底做了什麼，他到底值不值得我們去支持他？
: 有掛嗎？

其實你就去各政黨媒體看應該有類似的東西，
問題其實就是在於怎麼樣確定中立，
我看媒體都會把自己政黨的人講的好比大禹治水，
敵對的人講的紂王再世，
那這個東西有啥意思？

--
※ 發信站: 批踢踢實業坊(ptt.cc), 來自: 42.79.23.12 (臺灣)
※ 文章網址: https://www.ptt.cc/bbs/Gossiping/M.1775124335.A.761.html",https://www.ptt.cc/bbs/Gossiping/M.1775124335.A.761.html
PTT (Comment),101.10.251.254 04/02 18:20,jimhall,(推) 大家一起賺就好 何必讓大家都沒錢賺,https://www.ptt.cc/bbs/Gossiping/M.1775124335.A.761.html
PTT,Thu Apr  2 14:27:54 2026,loveyouwei (Gossiping),"從有選舉權開始到現在，我真的認為大家選舉都是盲選，每年選舉前我們能夠再到處看到
海報，不管啦都希望大家投自己票，說實在的我們都並不認識這些人，我們更不知道他曾
經為了人民做了什麼事情？

為什麼不能有一個有公信力的網站，把每一個候選人的資料完整刊登在上面？包含他曾經
為人民做過哪些事？做到什麼程度？

再次參選的候選人，他上一屆的政見是什麼？他執行了多少？每一項政見不只是開會中提
出，他有沒有實際的去監督？最後這些案子都完成了嗎？完成了多少進度？開會期間總共
應到多少次實到到多少次？
任職的這幾年有幫了多少人民處理事情？處理了什麼？結果又如何？

我知道這必須要很有耐心而且認真的去追查這些事情，但是從有循跡以來從來沒有公信力
的網站或聯合律師去做這些認證，才會導致我們永遠都不知道每次選舉推出來的候選人他
們到底值不值得我們為他投票？

現在的選舉都是我支持藍的我就隨便投一個藍的，我支持綠的我就隨便討一個綠的，很多
競選的海報上都寫為了市民人民打拼，問題做了什麼我們根本就不知道啊！這樣的選舉不
根本就是一個盲選嗎？大家盲目投票投下去又有什麼意義？

就好像慈善捐款一樣，多少慈善捐款沒有公佈明細，沒有公佈款項的用途，到最後就是不
了了之，為什麼政府或學者律師都不能有人認真的想到這些事情，然後去實踐讓大家能夠
明明白白的知道自己要投的人到底做了什麼，他到底值不值得我們去支持他？

有掛嗎？

--
※ 發信站: 批踢踢實業坊(ptt.cc), 來自: 101.9.38.56 (臺灣)
※ 文章網址: https://www.ptt.cc/bbs/Gossiping/M.1775111276.A.899.html",https://www.ptt.cc/bbs/Gossiping/M.1775111276.A.899.html
PTT (Comment),114.37.197.215 04/02 14:28,cuteSquirrel,(→) 沒必要。選民素質不夠,https://www.ptt.cc/bbs/Gossiping/M.1775111276.A.899.html
PTT (Comment),114.41.211.158 04/02 14:28,MrXD,(→) 法院都不公正了 到哪找公正的?,https://www.ptt.cc/bbs/Gossiping/M.1775111276.A.899.html
PTT (Comment),27.242.166.79 04/02 14:29,bill403777,(→) 不是看顏色就能選了嗎 有這麼難喔？,https://www.ptt.cc/bbs/Gossiping/M.1775111276.A.899.html
PTT (Comment),36.238.209.50 04/02 14:29,boboking2,(→) 法院有公信力 你信嗎,https://www.ptt.cc/bbs/Gossiping/M.1775111276.A.899.html
PTT (Comment),101.12.155.102 04/02 14:29,proprome,(噓) 你沒看過選舉公報？,https://www.ptt.cc/bbs/Gossiping/M.1775111276.A.899.html
PTT (Comment),220.133.218.212 04/02 14:30,gogobar,"(噓) 畜生民進黨就是要這樣才能操作選舉,幹",https://www.ptt.cc/bbs/Gossiping/M.1775111276.A.899.html
PTT (Comment),114.36.245.194 04/02 14:32,error405,(噓) 只有你是盲選,https://www.ptt.cc/bbs/Gossiping/M.1775111276.A.899.html
PTT (Comment),125.229.83.181 04/02 14:34,ctx1000,(→) 你可能想要三餐都跟候選人再一起才非盲選,https://www.ptt.cc/bbs/Gossiping/M.1775111276.A.899.html
PTT (Comment),42.70.141.66 04/02 14:35,gggghh69,(推) 很好啊支持你來寫這樣的網站,https://www.ptt.cc/bbs/Gossiping/M.1775111276.A.899.html
PTT (Comment),150.117.222.124 04/02 14:39,hihimen,(→) 說真的，南部那些老人沒人在看公報啦,https://www.ptt.cc/bbs/Gossiping/M.1775111276.A.899.html
PTT (Comment),111.71.212.96 04/02 14:50,firetim,(→) 重點是所謂公信力誰敢出來背書？檯面上,https://www.ptt.cc/bbs/Gossiping/M.1775111276.A.899.html
PTT (Comment),111.71.212.96 04/02 14:50,firetim,(→) 能出來選一定有勢力背景，這種得罪人是,https://www.ptt.cc/bbs/Gossiping/M.1775111276.A.899.html
PTT (Comment),111.71.212.96 04/02 14:50,firetim,(→) 會被往死裡弄的你敢說實話？,https://www.ptt.cc/bbs/Gossiping/M.1775111276.A.899.html
PTT (Comment),101.9.38.56 04/02 14:53,loveyouwei,(→) 但認真的想問大家，難道這件事情永遠,https://www.ptt.cc/bbs/Gossiping/M.1775111276.A.899.html
PTT (Comment),101.9.38.56 04/02 14:53,loveyouwei,(→) 都不做嗎？,https://www.ptt.cc/bbs/Gossiping/M.1775111276.A.899.html
PTT (Comment),117.56.248.169 04/02 15:10,justeat,(推) 選舉公報都不看了 還去看網站勒,https://www.ptt.cc/bbs/Gossiping/M.1775111276.A.899.html
PTT (Comment),101.9.38.56 04/02 15:28,loveyouwei,(→) 公報能報出我寫的內文嗎，只有政見,https://www.ptt.cc/bbs/Gossiping/M.1775111276.A.899.html
PTT (Comment),49.216.17.181 04/02 17:11,BILLYBOY,(→) 去看過選舉公告先 我還看過直接放QR co,https://www.ptt.cc/bbs/Gossiping/M.1775111276.A.899.html
PTT (Comment),106.64.97.17 04/02 17:11,henry455235,(噓) 自己查新聞 看政策很難？,https://www.ptt.cc/bbs/Gossiping/M.1775111276.A.899.html
PTT (Comment),49.216.17.181 04/02 17:11,BILLYBOY,(→) de讓你去掃的勒 還有直接發表勝選感言,https://www.ptt.cc/bbs/Gossiping/M.1775111276.A.899.html
PTT (Comment),49.216.17.181 04/02 17:12,BILLYBOY,(→) 的 禾斗禾斗 你下次可以貼上來點評,https://www.ptt.cc/bbs/Gossiping/M.1775111276.A.899.html
PTT,Wed Apr  1 21:07:19 2026,pl132 (Gossiping),"備註請放最後面 違者新聞文章刪除

1.媒體來源:
※ 例如蘋果日報、自由時報（請參考版規下方的核准媒體名單）
※ Yahoo、MSN、LINE等非直接官方新聞連結不被允許
ettoday

2.記者署名:
※ 若新聞沒有記者名字或編輯名字，請勿張貼，否則會被水桶14天
※ 外電至少要有來源或編輯 如:法新社
記者詹詠淇／台北報導

3.完整新聞標題:
※ 標題沒有完整寫出來 ---> 依照板規刪除文章

避免影響選舉！藍營擬審總預算　綠委讚迷途知返：希望不是愚人節笑話

4.完整新聞內文:
※ 社論特稿都不能貼！違者刪除（政治類水桶3個月)，貼廣告也會被刪除喔！可詳看版規

記者詹詠淇／台北報導

115年度中央政府總預算案展現曙光，國民黨立法院黨團今（1日）由總召傅崐萁邀集藍委
，商討相關事宜，藍黨團打算最快於4月10日將總預算案付委審查；有些藍委憂心影響地
方選舉，有些則認為不能把不審總預算當作制衡執政黨的籌碼。民進黨立委吳思瑤對此表
示，希望不是愚人節的玩笑，迷途知返總是好事，歡迎國民黨回頭是岸，樂見國會回歸常
軌，也提醒國民黨不要再變掛了，希望總預算付委審查是在野一致的共識，不要當放羊的
孩子。

民進黨立委吳思瑤表示，媒體傳出國民黨要審總預算了，希望不是愚人節的玩笑，迷途知
返總是好事，歡迎國民黨回頭是岸，雖然這是遲了216天的起義來歸，她還是樂見國會回
歸常軌，立委履行憲政職責。

不過，吳思瑤也提醒，國民黨不要再變掛了，國民黨內部近來路線之爭讓外界霧煞煞，軍
購版本就是明證，希望總預算付委審查是在野一致的共識，不要當放羊的孩子。

吳思瑤呼籲，加速審查速度，愈快愈好，預算未審已經影響人民福祉與國家建設。如今立
院補進度，國家的建設更要趕進度，每一天都在跟時間賽跑，請在野審好審滿之外，更要
審快；勿重蹈覆轍，政治鬥爭也不要拿預算開刀報復，前年預算「審最亂、刪最多、凍最
嚴」的總預算之亂，殷鑑不遠。

吳思瑤強調，預算就是民生，不要再為刪而刪、為砍而砍，歡迎在野嚴格監督，但要理性
審查。216天的薪水小偷，已經讓國民黨付出代價，迫於選舉壓力讓國民黨選擇脫離戰場
，是主因。

吳思瑤指出，若下會期政院送入新年度預算，兩本預算書一新一舊，難道要審新不審舊？
屆時國民黨將陷入進退維谷的窘境，拆彈脫困已無他途，拖延7個月才開審預算，說穿了
，不是為了民生，只是為了自救。

5.完整新聞連結 (或短網址)不可用YAHOO、LINE、MSN等轉載媒體:
※ 當新聞連結過長時，需提供短網址方便網友點擊

https://www.ettoday.net/news/20260401/3142475.htm

6.備註:
※ 一個人一天只能張貼一則新聞(以天為單位)，被刪或自刪也算額度內，超貼者水桶，請注意
※ 備註請勿張貼三日內新聞(包含連結、標題等)


--
※ 發信站: 批踢踢實業坊(ptt.cc), 來自: 180.177.204.190 (臺灣)
※ 文章網址: https://www.ptt.cc/bbs/Gossiping/M.1775048842.A.B30.html",https://www.ptt.cc/bbs/Gossiping/M.1775048842.A.B30.html
PTT (Comment),114.26.168.99 04/01 21:08,MrXD,(→) 愚的不是人 不算,https://www.ptt.cc/bbs/Gossiping/M.1775048842.A.B30.html
PTT (Comment),111.249.19.207 04/01 21:15,sbshiu,(→) 去年工作拖到現在才正要做，超爽的,https://www.ptt.cc/bbs/Gossiping/M.1775048842.A.B30.html
PTT (Comment),1.174.60.10 04/01 21:15,ubang,(推) 核能重啟才是迷途知返,https://www.ptt.cc/bbs/Gossiping/M.1775048842.A.B30.html
PTT (Comment),1.169.81.231 04/01 21:39,a79111010,(→) 國民黨:愚人節快樂,https://www.ptt.cc/bbs/Gossiping/M.1775048842.A.B30.html
PTT (Comment),1.173.97.150 04/03 18:08,todd7788,(→) 違法編的預算還要付委 都是共犯了,https://www.ptt.cc/bbs/Gossiping/M.1775048842.A.B30.html
PTT (Comment),1.173.97.150 04/03 18:08,todd7788,(→) 以後怎麼究責，真悲哀 有強烈抗爭過嗎,https://www.ptt.cc/bbs/Gossiping/M.1775048842.A.B30.html
PTT (Comment),1.173.97.150 04/03 18:09,todd7788,(→) 違法的總預算要過了,https://www.ptt.cc/bbs/Gossiping/M.1775048842.A.B30.html
PTT,Wed Apr  1 15:40:34 2026,minche (Gossiping),"Polymarket平台開設全國首宗選舉賭盤 律師：在台灣下注我國有審判權


聯合報／ 記者 袁志豪 ／台南即時報導


雲林檢警近日偵破全國首宗九合一地方大選選舉賭博案，竟是在去中心化預測平台「
Polymarket」針對年底選舉開設賭盤；律師黃睦涵指出，目前若在網路上公開賭博，任何
類型的賭博案件檢警都可以抓，即使網站架設在國外，只要犯罪者是在台灣下注，我國就
有審判權。


雲林檢警日前在網路巡邏時，發現去中心化預測平台Polymarket已針對年底選舉開設非法
賭盤，並以2026 Taiwanese Local Elections: Party Winner（2026 台灣地方選舉：黨
內獲勝者）」為標的，誘使賭客透過個人電子錢包下注與美金等值的穩定幣（USDC），逮
捕2名男子。


曾任新北、士林、台南地檢署檢察官的律師黃睦涵指出，依據刑法第266條第1項、第2項
「在公共場所或公眾得出入之場所賭博財物者，處五萬元以下罰金」、「以電信設備、電
子通訊、網際網路或其他相類之方法賭博財物者，亦同」，只要在網路公開賭博，就構成
賭博罪。


黃睦涵說明，過去民眾在公園公然賭博財物，現在改成在網路公開賭博，概念其實相同，
只是地點換成在網路上，現金換成虛擬貨幣；不論賭的是選舉、職棒、百家樂或美伊戰爭
等，只要是公然在網路賭博，檢警就可以依賭博罪展開偵辦。


黃睦涵表示，雖然Polymarket是國外網站，但會針對「2026 台灣地方選舉」下注的賭客
，很大機率是台灣人；我國國民在台灣上網賭博，依據刑法第4條「犯罪之行為或結果，
有一在中華民國領域內者，為在中華民國領域內犯罪」，中華民國就有審判權。


另外，針對選舉開設賭盤涉及公職人員選舉罷免法第103-1條「以電信設備、電子通訊、
網際網路或其他相類之方法以選舉、罷免結果為標的之賭博財物者」，刑度為處6月以下
有期徒刑、拘役或科10萬元以下罰金，比一般賭博類型案件更重。


黃睦涵認為，這種案件難題是在如何確認賭客身分，因為透過虛擬貨幣、國外去中心化網
站來下注就是想要隱匿身分，只要能查到是誰，就能聲請搜索票、拘票前往扣押手機、電
腦；一般科技偵查方式是大海撈針，遍掃登入該網站的ip，再逐一查明是否來自台灣，曠
日廢時，十分不容易。


因此，由於選舉賭盤可能會影響地方大選或總統立委選情，即使是國外網站，檢警仍會動
用人力、物力設法去突破；若僅是一般賭博案件，抓不勝抓，就難以比照選舉賭博案辦理
。


https://udn.com/news/story/7321/9416688


好屌，甚麼都可以賭XDDDDDD

--
※ 發信站: 批踢踢實業坊(ptt.cc), 來自: 123.194.164.227 (臺灣)
※ 文章網址: https://www.ptt.cc/bbs/Gossiping/M.1775029236.A.261.html",https://www.ptt.cc/bbs/Gossiping/M.1775029236.A.261.html
PTT (Comment),1.169.173.236 04/01 15:43,jimlexus,(→) 莊瑞雄：我加減隆有在賭～,https://www.ptt.cc/bbs/Gossiping/M.1775029236.A.261.html
PTT (Comment),42.77.249.34 04/01 15:52,tchialen,(→) 開PTT賭盤就被抓惹,https://www.ptt.cc/bbs/Gossiping/M.1775029236.A.261.html
PTT (Comment),223.139.115.208 04/01 16:16,trax,(→) 常駐vpn跟某國好像,https://www.ptt.cc/bbs/Gossiping/M.1775029236.A.261.html
PTT (Comment),218.34.137.182 04/01 16:22,RisingTackle,(推) 網路巡邏，摸魚就摸魚還自創名詞,https://www.ptt.cc/bbs/Gossiping/M.1775029236.A.261.html
PTT,Tue Mar 31 18:41:33 2026,robo3456 (C_Chat),"※ 引述《lucifer2703 (greentea)》之銘言：
: https://youtu.be/rWRgINA7has
: 他們原來還記得這件事啊
: 去年聖誕節截止的投票
: 不會風車進了前十在想要怎麼搓湯圓才拖這麼久吧
: -----
: Sent from JPTT on my Samsung SM-A146P.

https://gundam-official.com/feature/vote2025

第一名
https://images.plurk.com/6bQmJ0arQEpmbLvOSQPc3T.png

絕對霸權,牛鋼

2~20
https://images.plurk.com/560RkPjLC6YDqoAnfrzS2Q.png
https://images.plurk.com/2uxkhdF05lqcdQBuHfHcP2.png
https://images.plurk.com/2I52ydAO2hVwyQsJaFSynP.png

各地人氣最高
https://images.plurk.com/5dxJb0Sv9PwtRfcvnIPZX8.png
https://images.plurk.com/7LygVNFDCvuAnRaQboYAg6.png
https://images.plurk.com/1I4fzHO08h11oShgDLyLR4.png

特別獎

https://images.plurk.com/7JOdG9Vy4eVftkladY7FOd.png

--
※ 發信站: 批踢踢實業坊(ptt.cc), 來自: 59.126.87.55 (臺灣)
※ 文章網址: https://www.ptt.cc/bbs/C_Chat/M.1774953698.A.FBD.html",https://www.ptt.cc/bbs/C_Chat/M.1774953698.A.FBD.html
PTT (Comment),03/31 18:43,LABOYS,(推) 他好像有分語言別,https://www.ptt.cc/bbs/C_Chat/M.1774953698.A.FBD.html
PTT (Comment),03/31 18:44,s920325,(推) 台灣這邊鋼彈W最紅不意外,https://www.ptt.cc/bbs/C_Chat/M.1774953698.A.FBD.html
PTT (Comment),03/31 18:44,RavenLEAF,(推) F91真的帥,https://www.ptt.cc/bbs/C_Chat/M.1774953698.A.FBD.html
PTT (Comment),03/31 18:44,LABOYS,(→) 我想說是哪裡風靈第一名，原來是法語區,https://www.ptt.cc/bbs/C_Chat/M.1774953698.A.FBD.html
PTT (Comment),03/31 18:45,s920325,(→) 台灣最多人的入坑作應該就是W,https://www.ptt.cc/bbs/C_Chat/M.1774953698.A.FBD.html
PTT (Comment),03/31 18:45,LABOYS,(→) 英語、台灣：飛翼鋼彈零式,https://www.ptt.cc/bbs/C_Chat/M.1774953698.A.FBD.html
PTT (Comment),03/31 18:46,LABOYS,(→) 簡中、韓語：強襲自由,https://www.ptt.cc/bbs/C_Chat/M.1774953698.A.FBD.html
PTT (Comment),03/31 18:46,scott032,(推) 牛剛怎麼輸 非對稱太棒啦,https://www.ptt.cc/bbs/C_Chat/M.1774953698.A.FBD.html
PTT (Comment),03/31 18:46,LABOYS,(→) 香港：牛鋼,https://www.ptt.cc/bbs/C_Chat/M.1774953698.A.FBD.html
PTT (Comment),03/31 18:46,LABOYS,(→) 法語：風靈,https://www.ptt.cc/bbs/C_Chat/M.1774953698.A.FBD.html
PTT (Comment),03/31 18:46,s920325,(→) 然後自由鋼彈的3型態分票太散 不然可能要進前三的,https://www.ptt.cc/bbs/C_Chat/M.1774953698.A.FBD.html
PTT (Comment),03/31 18:46,LABOYS,(→) 義大利：獵魔,https://www.ptt.cc/bbs/C_Chat/M.1774953698.A.FBD.html
PTT (Comment),03/31 18:47,LABOYS,(→) 西班牙語：F91,https://www.ptt.cc/bbs/C_Chat/M.1774953698.A.FBD.html
PTT (Comment),03/31 18:47,john841221,(→) 泰國嫣紅攻擊#1 有點意思,https://www.ptt.cc/bbs/C_Chat/M.1774953698.A.FBD.html
PTT (Comment),03/31 18:48,LABOYS,(→) 喔對，泰國是嫣紅攻擊鋼彈，口味和大家都不同,https://www.ptt.cc/bbs/C_Chat/M.1774953698.A.FBD.html
PTT (Comment),03/31 18:48,seraph01,(推) 逆A好高,https://www.ptt.cc/bbs/C_Chat/M.1774953698.A.FBD.html
PTT (Comment),03/31 18:48,b79205,(→) 這影片會乳滑嗎,https://www.ptt.cc/bbs/C_Chat/M.1774953698.A.FBD.html
PTT (Comment),03/31 18:49,a22880897,(推) nu鋼彈真的天下無敵,https://www.ptt.cc/bbs/C_Chat/M.1774953698.A.FBD.html
PTT (Comment),03/31 18:49,SSIKLO,(推) 穩了，明天台灣課金榜會因為飛翼零式EW登頂了吧,https://www.ptt.cc/bbs/C_Chat/M.1774953698.A.FBD.html
PTT (Comment),03/31 18:49,crosstony256,(推) 水魔對面罵那麼凶 結果在對面拿第二,https://www.ptt.cc/bbs/C_Chat/M.1774953698.A.FBD.html
PTT (Comment),03/31 18:50,fetoyeh,(推) 動畫和機器喜好不一定會一樣啦,https://www.ptt.cc/bbs/C_Chat/M.1774953698.A.FBD.html
PTT (Comment),03/31 18:50,scott032,(推) 全能攻自沒想到能上榜,https://www.ptt.cc/bbs/C_Chat/M.1774953698.A.FBD.html
PTT (Comment),03/31 18:50,joe51408,(推) CN風靈殺到第二是怎麼回事 我誤會了什麼 不是狂噴嗎,https://www.ptt.cc/bbs/C_Chat/M.1774953698.A.FBD.html
PTT (Comment),03/31 18:51,LABOYS,(推) 罵很兇只是聲量大，跟人多其實不一定正相關啊,https://www.ptt.cc/bbs/C_Chat/M.1774953698.A.FBD.html
PTT (Comment),03/31 18:51,joe51408,(→) 異靈也在前面,https://www.ptt.cc/bbs/C_Chat/M.1774953698.A.FBD.html
PTT (Comment),03/31 18:51,LABOYS,(→) 有可能只是罵的人罵很大聲,https://www.ptt.cc/bbs/C_Chat/M.1774953698.A.FBD.html
PTT (Comment),03/31 18:51,joe51408,(→) 還是通通都是傲嬌仔,https://www.ptt.cc/bbs/C_Chat/M.1774953698.A.FBD.html
PTT (Comment),03/31 18:52,crosstony256,(推) 罵的多只是看的人更多,https://www.ptt.cc/bbs/C_Chat/M.1774953698.A.FBD.html
PTT (Comment),03/31 18:52,crosstony256,(→) 聲音比較大 不等於人氣比較高,https://www.ptt.cc/bbs/C_Chat/M.1774953698.A.FBD.html
PTT (Comment),03/31 18:52,LABOYS,(→) https://pbs.twimg.com/media/HEu5faPXYAA68el.jpg,https://www.ptt.cc/bbs/C_Chat/M.1774953698.A.FBD.html
PTT (Comment),03/31 18:52,aerysky,(推) 噴的只是比較愛大聲不代表就多 這在那邊正常,https://www.ptt.cc/bbs/C_Chat/M.1774953698.A.FBD.html
PTT (Comment),03/31 18:52,LABOYS,(→) 133萬票來算，其實票數挺分散,https://www.ptt.cc/bbs/C_Chat/M.1774953698.A.FBD.html
PTT (Comment),03/31 18:53,minoru04,(推) 法國風靈1 異靈2,https://www.ptt.cc/bbs/C_Chat/M.1774953698.A.FBD.html
PTT (Comment),03/31 18:53,LABOYS,(→) 就牛鋼一支獨秀，然後後面兩個是T1,https://www.ptt.cc/bbs/C_Chat/M.1774953698.A.FBD.html
PTT (Comment),03/31 18:55,Oholdsky,(→) 自由太分散了,https://www.ptt.cc/bbs/C_Chat/M.1774953698.A.FBD.html
PTT (Comment),03/31 18:56,crosstony256,(推) 自由兵分四路,https://www.ptt.cc/bbs/C_Chat/M.1774953698.A.FBD.html
PTT (Comment),03/31 18:57,a123444556,(推) F91帥 那個潮到爆的散熱掉漆分身真的讓我印象深刻阿,https://www.ptt.cc/bbs/C_Chat/M.1774953698.A.FBD.html
PTT (Comment),03/31 18:58,ashs92223,(推) テキーラガンダム 人氣頗高耶,https://www.ptt.cc/bbs/C_Chat/M.1774953698.A.FBD.html
PTT (Comment),03/31 18:58,ernova831,(推) 3個機體占了6個圖位 真的感謝其他地區努力,https://www.ptt.cc/bbs/C_Chat/M.1774953698.A.FBD.html
PTT (Comment),03/31 18:59,trhrh,(推) EN的鋼彈W人氣是不是斷檔程度啊？,https://www.ptt.cc/bbs/C_Chat/M.1774953698.A.FBD.html
PTT (Comment),03/31 19:02,ace65737,(→) 抓到了 投風車的樂子人都在香港 泰國 法國,https://www.ptt.cc/bbs/C_Chat/M.1774953698.A.FBD.html
PTT (Comment),03/31 19:03,game147,(推) 水星前20進2台,https://www.ptt.cc/bbs/C_Chat/M.1774953698.A.FBD.html
PTT (Comment),03/31 19:03,b160160,(推) 嫣紅攻擊有這麼紅！？,https://www.ptt.cc/bbs/C_Chat/M.1774953698.A.FBD.html
PTT (Comment),03/31 19:04,crosstony256,(推) 這次沒角色投 卡嘉莉人氣超高的,https://www.ptt.cc/bbs/C_Chat/M.1774953698.A.FBD.html
PTT (Comment),03/31 19:05,acacacac,(推) 鋼彈W在台灣不意外 當時電視台還有撥 直接當入門作,https://www.ptt.cc/bbs/C_Chat/M.1774953698.A.FBD.html
PTT (Comment),03/31 19:05,GTOyoko5566,(推) 居然沒有小男娘伍德沃特，唉,https://www.ptt.cc/bbs/C_Chat/M.1774953698.A.FBD.html
PTT (Comment),03/31 19:05,twic,(推) 也許某些粉絲團體有卡嘉里加成吧,https://www.ptt.cc/bbs/C_Chat/M.1774953698.A.FBD.html
PTT (Comment),03/31 19:05,lucifer2703,(→) 種自後嫣紅的人氣基本上一飛沖天,https://www.ptt.cc/bbs/C_Chat/M.1774953698.A.FBD.html
PTT (Comment),03/31 19:05,lucifer2703,(→) 先不談換聲優這事,https://www.ptt.cc/bbs/C_Chat/M.1774953698.A.FBD.html
PTT (Comment),03/31 19:05,lucifer2703,(→) 精神歐普國民可是忍了20年了,https://www.ptt.cc/bbs/C_Chat/M.1774953698.A.FBD.html
PTT (Comment),03/31 19:07,lucifer2703,(→) 再加上卡佳里的機體只有這一台能投,https://www.ptt.cc/bbs/C_Chat/M.1774953698.A.FBD.html
PTT (Comment),03/31 19:07,k1314520illy,(推) 異靈很帥很喜歡,https://www.ptt.cc/bbs/C_Chat/M.1774953698.A.FBD.html
PTT (Comment),03/31 19:07,lucifer2703,(→) 那票數當然會被集中,https://www.ptt.cc/bbs/C_Chat/M.1774953698.A.FBD.html
PTT (Comment),03/31 19:07,lucifer2703,(→) 你看隔壁n個型態的攻擊被分票分慘了,https://www.ptt.cc/bbs/C_Chat/M.1774953698.A.FBD.html
PTT (Comment),03/31 19:07,twic,(→) 然後自由鋼彈太多長的類似的機設了被分票,https://www.ptt.cc/bbs/C_Chat/M.1774953698.A.FBD.html
PTT (Comment),03/31 19:08,haoboo,(→) 我最意外的是G自我,https://www.ptt.cc/bbs/C_Chat/M.1774953698.A.FBD.html
PTT (Comment),03/31 19:08,deathslime,(推) 90年代初左右SD剛彈世代的F91股價很高的,https://www.ptt.cc/bbs/C_Chat/M.1774953698.A.FBD.html
PTT (Comment),03/31 19:08,twic,(→) 逆A該出RG了吧,https://www.ptt.cc/bbs/C_Chat/M.1774953698.A.FBD.html
PTT (Comment),03/31 19:09,deathslime,"(→) 那時候F91是最新的映像作品,SD剛彈的遊戲大量衍生最強",https://www.ptt.cc/bbs/C_Chat/M.1774953698.A.FBD.html
PTT (Comment),03/31 19:09,jtorngl,(推) F91，牛鋼 ，骨鋼X1,https://www.ptt.cc/bbs/C_Chat/M.1774953698.A.FBD.html
PTT (Comment),03/31 19:10,twic,(→) 然後獨角獸太低了吧,https://www.ptt.cc/bbs/C_Chat/M.1774953698.A.FBD.html
PTT (Comment),03/31 19:10,GAOTT,(→) 自由系列被分票了= =,https://www.ptt.cc/bbs/C_Chat/M.1774953698.A.FBD.html
PTT (Comment),03/31 19:11,leion237,(推) 我也以為獨角獸會前10,https://www.ptt.cc/bbs/C_Chat/M.1774953698.A.FBD.html
PTT (Comment),03/31 19:11,haoboo,"(→) 獨角獸也是多型態,加上大文豪後來越玩越脫間接被連累",https://www.ptt.cc/bbs/C_Chat/M.1774953698.A.FBD.html
PTT (Comment),03/31 19:11,twic,(→) 然後模型出這麼多的異端居然也沒上,https://www.ptt.cc/bbs/C_Chat/M.1774953698.A.FBD.html
PTT (Comment),03/31 19:11,trhrh,(推) 好意外騙錢獸這麼後面,https://www.ptt.cc/bbs/C_Chat/M.1774953698.A.FBD.html
PTT (Comment),03/31 19:12,GTOyoko5566,(推) 嫣紅入榜完全是駕駛員關係吧，就粉色攻擊換個背包也,https://www.ptt.cc/bbs/C_Chat/M.1774953698.A.FBD.html
PTT (Comment),03/31 19:12,GTOyoko5566,(→) 能進榜==,https://www.ptt.cc/bbs/C_Chat/M.1774953698.A.FBD.html
PTT (Comment),03/31 19:13,zzchen,(→) ES第一名F91 內行,https://www.ptt.cc/bbs/C_Chat/M.1774953698.A.FBD.html
PTT (Comment),03/31 19:13,yao7174,(推) 獨角獸低還可以理解 OOQ比我想像的低超級多耶,https://www.ptt.cc/bbs/C_Chat/M.1774953698.A.FBD.html
PTT (Comment),03/31 19:14,nineflower,(推) 可能因為投票的都是核心鋼彈迷，如果是很隨便的那種投,https://www.ptt.cc/bbs/C_Chat/M.1774953698.A.FBD.html
PTT (Comment),03/31 19:14,nineflower,(→) 票，獨角獸 異端那種可能就很前面了,https://www.ptt.cc/bbs/C_Chat/M.1774953698.A.FBD.html
PTT (Comment),03/31 19:14,Wooctor,(推) 剛看台灣2跟3是Nu和Z,https://www.ptt.cc/bbs/C_Chat/M.1774953698.A.FBD.html
PTT (Comment),03/31 19:14,LABOYS,(推) 鋼彈也有本質迷喔 xdd,https://www.ptt.cc/bbs/C_Chat/M.1774953698.A.FBD.html
PTT (Comment),03/31 19:14,game147,(→) 水星在法國那麼強的嗎,https://www.ptt.cc/bbs/C_Chat/M.1774953698.A.FBD.html
PTT (Comment),03/31 19:15,crosstony256,(推) G自我之前幾年有最希望模型第一名  啊有出嗎我忘了,https://www.ptt.cc/bbs/C_Chat/M.1774953698.A.FBD.html
PTT (Comment),03/31 19:15,Wooctor,(→) 吾輩UC粉尚須努力,https://www.ptt.cc/bbs/C_Chat/M.1774953698.A.FBD.html
PTT (Comment),03/31 19:15,dsa3717,(推) 風車鋼彈好前面www,https://www.ptt.cc/bbs/C_Chat/M.1774953698.A.FBD.html
PTT (Comment),03/31 19:15,zzchen,(→) 看前10應該是比較偏鋼彈迷的 連逆A都排這麼前面,https://www.ptt.cc/bbs/C_Chat/M.1774953698.A.FBD.html
PTT (Comment),03/31 19:15,crosstony256,(→) 00Q有進就不錯了  上次中途戰報飛榜了,https://www.ptt.cc/bbs/C_Chat/M.1774953698.A.FBD.html
PTT (Comment),03/31 19:16,ymsc30102,(推) 我大風車天下無敵,https://www.ptt.cc/bbs/C_Chat/M.1774953698.A.FBD.html
PTT (Comment),03/31 19:16,crosstony256,(→) 00Q和之前幾年的投票差不多啊 就20上下的位置,https://www.ptt.cc/bbs/C_Chat/M.1774953698.A.FBD.html
PTT (Comment),03/31 19:17,GAOTT,(推) 自由分兵3路還4路 有夠虧 如果只有兩機型 在各國都穩保3爭1,https://www.ptt.cc/bbs/C_Chat/M.1774953698.A.FBD.html
PTT (Comment),03/31 19:19,twic,(推) 自由系列超人氣也不需要什麼獎來證明自己跟牛鋼一樣,https://www.ptt.cc/bbs/C_Chat/M.1774953698.A.FBD.html
PTT (Comment),03/31 19:19,twic,(→) 獨角獸真的意外就是,https://www.ptt.cc/bbs/C_Chat/M.1774953698.A.FBD.html
PTT (Comment),03/31 19:19,GTOyoko5566,(推) 確實，逆A能進就已經算資深鋼彈迷的榜單了,https://www.ptt.cc/bbs/C_Chat/M.1774953698.A.FBD.html
PTT (Comment),03/31 19:21,Wooctor,(推) 如果資深鋼彈迷居多的話EX-S沒進前10也是可惜,https://www.ptt.cc/bbs/C_Chat/M.1774953698.A.FBD.html
PTT (Comment),03/31 19:23,robo3456,(→) 這投票應該只有動畫+電影機體 我當初投記得沒有海牛,https://www.ptt.cc/bbs/C_Chat/M.1774953698.A.FBD.html
PTT (Comment),03/31 19:23,robo3456,(→) 所以沒S跟bd都正常(?,https://www.ptt.cc/bbs/C_Chat/M.1774953698.A.FBD.html
PTT (Comment),03/31 19:23,qaz95677,(推) F91竟然有第七==,https://www.ptt.cc/bbs/C_Chat/M.1774953698.A.FBD.html
PTT (Comment),03/31 19:24,iwinlottery,(推) 正義前面都沒有喔，turn a這麼強？,https://www.ptt.cc/bbs/C_Chat/M.1774953698.A.FBD.html
PTT (Comment),03/31 19:25,crosstony256,(推) 正義系列都高不到哪去 但阿斯蘭人氣超高,https://www.ptt.cc/bbs/C_Chat/M.1774953698.A.FBD.html
PTT (Comment),03/31 19:26,haoboo,"(推) S鋼根本沒辦法投,這是只有影像化的機體",https://www.ptt.cc/bbs/C_Chat/M.1774953698.A.FBD.html
PTT (Comment),03/31 19:26,ghostxx,(→) 掉毛不意外吧，逆A不錯嘛,https://www.ptt.cc/bbs/C_Chat/M.1774953698.A.FBD.html
PTT (Comment),03/31 19:27,Wooctor,(推) 對噢忘記了，那我忘了自己當初投什麼==,https://www.ptt.cc/bbs/C_Chat/M.1774953698.A.FBD.html
PTT (Comment),03/31 19:28,poz93,(→) 海牛是沒有選項嗎 竟然是牛鋼而不是海牛,https://www.ptt.cc/bbs/C_Chat/M.1774953698.A.FBD.html
PTT (Comment),03/31 19:29,GTOyoko5566,(推) 結果都沒人提V2鋼彈，好慘,https://www.ptt.cc/bbs/C_Chat/M.1774953698.A.FBD.html
PTT (Comment),03/31 19:29,robo3456,(→) V應該也是兵分太多路XD,https://www.ptt.cc/bbs/C_Chat/M.1774953698.A.FBD.html
PTT (Comment),03/31 19:30,GTOyoko5566,(→) 好歹是UC紀元時間線最後一部的UC最強，雖然劇中表現,https://www.ptt.cc/bbs/C_Chat/M.1774953698.A.FBD.html
PTT (Comment),03/31 19:30,GTOyoko5566,(→) 很落漆就是,https://www.ptt.cc/bbs/C_Chat/M.1774953698.A.FBD.html
PTT (Comment),03/31 19:30,sustto,(噓) 萬代爸爸該出冰結淚滴動畫惹吧 女粉滴錢 好賺為啥不賺,https://www.ptt.cc/bbs/C_Chat/M.1774953698.A.FBD.html
PTT (Comment),03/31 19:30,GTOyoko5566,(→) 能被比基尼火箭筒打掉外部裝甲，這是鋼彈阿？,https://www.ptt.cc/bbs/C_Chat/M.1774953698.A.FBD.html
PTT (Comment),03/31 19:31,efkfkp,(推) 卡卡粉太團結了吧XD,https://www.ptt.cc/bbs/C_Chat/M.1774953698.A.FBD.html
PTT (Comment),03/31 19:31,ernova831,(推) 這投票只限有影像化的 EXS旁邊涼快 在投100次都落榜,https://www.ptt.cc/bbs/C_Chat/M.1774953698.A.FBD.html
PTT (Comment),03/31 19:32,Lizus,(推) 自由還是初始機最好看,https://www.ptt.cc/bbs/C_Chat/M.1774953698.A.FBD.html
PTT (Comment),03/31 19:34,yukimura0420,(推) F91帥啊 90年代很有代表性的鋼彈主角機,https://www.ptt.cc/bbs/C_Chat/M.1774953698.A.FBD.html
PTT (Comment),03/31 19:36,zeromxg0,(推) 00Q低正常，跟自由系列一樣都是那種派系分很開的，NHK,https://www.ptt.cc/bbs/C_Chat/M.1774953698.A.FBD.html
PTT (Comment),03/31 19:36,zeromxg0,(→) 投票反而是能天有上榜@@,https://www.ptt.cc/bbs/C_Chat/M.1774953698.A.FBD.html
PTT (Comment),03/31 19:36,yukimura0420,(→) 可惜我投的GP01-Fb不知道排到第幾名去了,https://www.ptt.cc/bbs/C_Chat/M.1774953698.A.FBD.html
PTT (Comment),03/31 19:37,XAZA,(推) 最厲害的是Z，沒地方是第一名，但是總榜前三,https://www.ptt.cc/bbs/C_Chat/M.1774953698.A.FBD.html
PTT (Comment),03/31 19:38,yuting90,(推) 嫣紅真的好神秘,https://www.ptt.cc/bbs/C_Chat/M.1774953698.A.FBD.html
PTT (Comment),03/31 19:41,joe51408,(→) Z光吃日本本土票數應該就很補  Z在日本地位很高,https://www.ptt.cc/bbs/C_Chat/M.1774953698.A.FBD.html
PTT (Comment),03/31 19:44,zeromxg0,(推) 因為日本的關係吧，從永恆課金佔比來看，日本排名應該,https://www.ptt.cc/bbs/C_Chat/M.1774953698.A.FBD.html
PTT (Comment),03/31 19:44,zeromxg0,(→) 就佔了大部分比例了。,https://www.ptt.cc/bbs/C_Chat/M.1774953698.A.FBD.html
PTT (Comment),03/31 19:47,taric888,(→) 鬍子鋼彈,https://www.ptt.cc/bbs/C_Chat/M.1774953698.A.FBD.html
PTT (Comment),03/31 19:49,bladesinger,(推) 搞不懂全能攻擊自由出鏡時間這麼少怎麼在韓國與中國,https://www.ptt.cc/bbs/C_Chat/M.1774953698.A.FBD.html
PTT (Comment),03/31 19:49,bladesinger,(→) 拿榜一的= =,https://www.ptt.cc/bbs/C_Chat/M.1774953698.A.FBD.html
PTT (Comment),03/31 19:49,bladesinger,(→) 就只有最後出來放個閃電放個頭砲而已,https://www.ptt.cc/bbs/C_Chat/M.1774953698.A.FBD.html
PTT (Comment),03/31 19:50,zeromxg0,(→) 就投最新的，也只能這樣想了@@,https://www.ptt.cc/bbs/C_Chat/M.1774953698.A.FBD.html
PTT (Comment),03/31 19:52,crosstony256,(推) Z在每個地區都很前面啊 一堆234名,https://www.ptt.cc/bbs/C_Chat/M.1774953698.A.FBD.html
PTT (Comment),03/31 19:54,crosstony256,(推) 攻自劇場版負責吃鱉 全能負責收場,https://www.ptt.cc/bbs/C_Chat/M.1774953698.A.FBD.html
PTT (Comment),03/31 19:56,qsx889,(推) 要來了嗎 牛剛不知道第幾版模型,https://www.ptt.cc/bbs/C_Chat/M.1774953698.A.FBD.html
PTT (Comment),03/31 19:57,knift56,(推) 前幾名會出新的模型嗎,https://www.ptt.cc/bbs/C_Chat/M.1774953698.A.FBD.html
PTT (Comment),03/31 19:58,justice00s,(推) F91還滿意外的 作品本身評價不高,https://www.ptt.cc/bbs/C_Chat/M.1774953698.A.FBD.html
PTT (Comment),03/31 19:59,justice00s,(→) 正義系列不高滿正常的 正義沒特色,https://www.ptt.cc/bbs/C_Chat/M.1774953698.A.FBD.html
PTT (Comment),03/31 20:02,xyxhy,(推) 嫣紅的姿勢好色喔,https://www.ptt.cc/bbs/C_Chat/M.1774953698.A.FBD.html
PTT (Comment),03/31 20:05,syldsk,(推) 泰國風車也第二猛的,https://www.ptt.cc/bbs/C_Chat/M.1774953698.A.FBD.html
PTT (Comment),03/31 20:06,ernova831,(推) 不是阿 前3名模型有少過嗎?,https://www.ptt.cc/bbs/C_Chat/M.1774953698.A.FBD.html
PTT (Comment),03/31 20:13,allen886886,(推) 能天使意外後面,https://www.ptt.cc/bbs/C_Chat/M.1774953698.A.FBD.html
PTT (Comment),03/31 20:14,allen886886,(→) 水星人氣真的高,https://www.ptt.cc/bbs/C_Chat/M.1774953698.A.FBD.html
PTT (Comment),03/31 20:14,defenser,(推) 全自太多梗，阿斯蘭開的、武士刀、夫妻野戰,https://www.ptt.cc/bbs/C_Chat/M.1774953698.A.FBD.html
PTT (Comment),03/31 20:17,zeromxg0,(推) 各國排名開起來，喜歡能天跟00R的很散@@,https://www.ptt.cc/bbs/C_Chat/M.1774953698.A.FBD.html
PTT (Comment),03/31 20:24,zxc88585,(推) 哇靠 zeta居然輸飛翼EW,https://www.ptt.cc/bbs/C_Chat/M.1774953698.A.FBD.html
PTT (Comment),03/31 20:24,tf010714,(推) 看外型 攻擊自由系列太難看 還是自由比較好,https://www.ptt.cc/bbs/C_Chat/M.1774953698.A.FBD.html
PTT (Comment),03/31 20:25,crosstony256,(推) 其他作品也是散的 就真的沒很高,https://www.ptt.cc/bbs/C_Chat/M.1774953698.A.FBD.html
PTT (Comment),03/31 20:26,zxc88585,(推) Zeta 模型其實挺少的 跟前兩位比的話,https://www.ptt.cc/bbs/C_Chat/M.1774953698.A.FBD.html
PTT (Comment),03/31 20:27,zxc88585,(→) 變體也不怎麼出，說個笑話，背包膠貼改分色就當新模賣,https://www.ptt.cc/bbs/C_Chat/M.1774953698.A.FBD.html
PTT (Comment),03/31 20:29,souvlaki,(推) 西語系差點要畫龍舌蘭鋼彈了,https://www.ptt.cc/bbs/C_Chat/M.1774953698.A.FBD.html
PTT (Comment),03/31 20:31,dog377436,(推) 前20就3台自由 飛翼零式第2 果然大背包大翅膀就是帥,https://www.ptt.cc/bbs/C_Chat/M.1774953698.A.FBD.html
PTT (Comment),03/31 20:31,Arctica,(→) 逆A讚哦,https://www.ptt.cc/bbs/C_Chat/M.1774953698.A.FBD.html
PTT (Comment),03/31 20:35,TsukasaTD,(推) 中國人真是口嫌體正直 異靈上第2名w,https://www.ptt.cc/bbs/C_Chat/M.1774953698.A.FBD.html
PTT (Comment),03/31 20:49,starjojo,(推) 我大學長跟專用牛天下無敵！,https://www.ptt.cc/bbs/C_Chat/M.1774953698.A.FBD.html
PTT (Comment),03/31 20:51,s921619,(推) 讚讚讚,https://www.ptt.cc/bbs/C_Chat/M.1774953698.A.FBD.html
PTT (Comment),03/31 20:51,scotttomlee,(推) 前五有兩台自由 前20自由全入榜,https://www.ptt.cc/bbs/C_Chat/M.1774953698.A.FBD.html
PTT (Comment),03/31 20:54,RandyAAA,(推) F91有啥好意外的，撇開作品，機設本身評價一直都很高,https://www.ptt.cc/bbs/C_Chat/M.1774953698.A.FBD.html
PTT (Comment),03/31 20:56,s921619,(推) 原來台灣是掉毛鋼彈最高啊,https://www.ptt.cc/bbs/C_Chat/M.1774953698.A.FBD.html
PTT (Comment),03/31 20:59,RandyAAA,(推) 台灣異靈怎麼會比風靈高啊，SDCS異靈都要特價賣了，而且,https://www.ptt.cc/bbs/C_Chat/M.1774953698.A.FBD.html
PTT (Comment),03/31 20:59,RandyAAA,(→) 也只有風靈一開始賣到缺貨,https://www.ptt.cc/bbs/C_Chat/M.1774953698.A.FBD.html
PTT (Comment),03/31 21:00,zeromxg0,(推) 就如果講到人氣高的機體不會第一個想到這樣的意外吧，,https://www.ptt.cc/bbs/C_Chat/M.1774953698.A.FBD.html
PTT (Comment),03/31 21:00,zeromxg0,(→) 像mkII也是@@,https://www.ptt.cc/bbs/C_Chat/M.1774953698.A.FBD.html
PTT (Comment),03/31 21:40,zero720624,(推) 異靈動畫登場雖短但表現很亮眼，也符合魔女形象,https://www.ptt.cc/bbs/C_Chat/M.1774953698.A.FBD.html
PTT (Comment),03/31 21:40,zero720624,(→) 喜歡的人就很喜歡,https://www.ptt.cc/bbs/C_Chat/M.1774953698.A.FBD.html
PTT (Comment),03/31 21:45,yniori,(推) 還以為香港肯定是神鋼,https://www.ptt.cc/bbs/C_Chat/M.1774953698.A.FBD.html
PTT (Comment),03/31 22:22,will1205,(推) 支國還敢投自由啊,https://www.ptt.cc/bbs/C_Chat/M.1774953698.A.FBD.html
PTT (Comment),03/31 22:40,zeal63966,(推) 新作有宣傳作的明顯有優勢,https://www.ptt.cc/bbs/C_Chat/M.1774953698.A.FBD.html
PTT (Comment),03/31 23:21,seedroy,(推) 嫣紅攻擊12名，歐普國民太強了吧,https://www.ptt.cc/bbs/C_Chat/M.1774953698.A.FBD.html
PTT (Comment),03/31 23:37,forest204c,(推) 異靈鋼彈蠻意外的 畢竟出場回數不多,https://www.ptt.cc/bbs/C_Chat/M.1774953698.A.FBD.html
PTT (Comment),03/31 23:37,forest204c,(→) 但是排名卻能名列前茅,https://www.ptt.cc/bbs/C_Chat/M.1774953698.A.FBD.html
PTT (Comment),04/01 00:50,rz759,(推) 人魚、風車、龍舌蘭都有在部分國家上榜，笑死,https://www.ptt.cc/bbs/C_Chat/M.1774953698.A.FBD.html
PTT (Comment),04/01 00:53,zeal63966,(→) 異靈很新吧，戲份比00Q還多了,https://www.ptt.cc/bbs/C_Chat/M.1774953698.A.FBD.html
PTT (Comment),04/01 00:54,rz759,(→) 台灣異靈比00Q高我也嚇一跳...,https://www.ptt.cc/bbs/C_Chat/M.1774953698.A.FBD.html
PTT (Comment),04/01 00:56,zeal63966,(推) 00Q戲份超級少喔，異靈至少出場兩集,https://www.ptt.cc/bbs/C_Chat/M.1774953698.A.FBD.html
PTT (Comment),04/01 00:57,zeal63966,(→) 有新作是優勢，有行銷有宣傳,https://www.ptt.cc/bbs/C_Chat/M.1774953698.A.FBD.html
PTT (Comment),04/01 01:17,pimachu,(推) 獨角獸才20 真的假的,https://www.ptt.cc/bbs/C_Chat/M.1774953698.A.FBD.html
PTT (Comment),04/01 01:22,Lumbereddy,(推) 獨角獸居然這麼後面,https://www.ptt.cc/bbs/C_Chat/M.1774953698.A.FBD.html
PTT (Comment),04/01 01:22,Lumbereddy,(→) 風車25 哈哈哈哈哈,https://www.ptt.cc/bbs/C_Chat/M.1774953698.A.FBD.html
PTT (Comment),04/01 01:34,yoyonigo,(推) 白鬍子居然這麼高啊,https://www.ptt.cc/bbs/C_Chat/M.1774953698.A.FBD.html
PTT (Comment),04/01 02:06,sillymon,(推) 我投風車 贏了,https://www.ptt.cc/bbs/C_Chat/M.1774953698.A.FBD.html
PTT (Comment),04/01 02:37,zeal63966,(→) 獨角獸每個型態都差不多分票嚴重吧,https://www.ptt.cc/bbs/C_Chat/M.1774953698.A.FBD.html
PTT (Comment),04/01 02:39,okmijnuhyex,(→) 福利蛋系列都上榜,https://www.ptt.cc/bbs/C_Chat/M.1774953698.A.FBD.html
PTT (Comment),04/01 11:19,GreenComet,(推) 還以為品客很小品,https://www.ptt.cc/bbs/C_Chat/M.1774953698.A.FBD.html
PTT (Comment),04/01 13:54,ck6m454,(→) 00本來就小眾了吧,https://www.ptt.cc/bbs/C_Chat/M.1774953698.A.FBD.html
PTT (Comment),04/01 17:09,monstermimic,(→) 沒有ZZ和V2?,https://www.ptt.cc/bbs/C_Chat/M.1774953698.A.FBD.html
PTT,Tue Mar 31 18:38:02 2026,basala5417 (C_Chat),"結果影片
https://youtu.be/rWRgINA7has?si=i6tsyeS4A2vnd-eq

◢◤全世界＆日本語＆繁体字(香港) 第1位◢◤

#全世界ガンダム総選挙2025
全世界・日本語・繁体字(香港) ランキング第1位は

『機動戦士ガンダム 逆襲のシャア』
【νガンダム】が獲得！
https://i.mopix.cc/uVMp6N.jpg


◢◤英語＆繁体字(台湾) 第1位◢◤

#全世界ガンダム総選挙2025
英語＆繁体字(台湾) ランキング第1位は

『新機動戦記ガンダムW Endless Waltz』
【ウイングガンダムゼロ(EW)】が獲得！

イラスト：コサカダイキ

https://i.mopix.cc/UlZDBz.jpg

◢◤簡体字＆韓国語 第1位◢◤

#全世界ガンダム総選挙2025
簡体字＆韓国語 ランキング第1位は

『機動戦士ガンダムSEED FREEDOM』
【マイティーストライクフリーダムガンダム】が獲得！
https://i.mopix.cc/keVsf2.jpg

--
※ 發信站: 批踢踢實業坊(ptt.cc), 來自: 111.242.121.192 (臺灣)
※ 文章網址: https://www.ptt.cc/bbs/C_Chat/M.1774953484.A.CFE.html
※ 編輯: basala5417 (111.242.121.192 臺灣), 03/31/2026 18:39:10
※ 編輯: basala5417 (111.242.121.192 臺灣), 03/31/2026 19:00:54",https://www.ptt.cc/bbs/C_Chat/M.1774953484.A.CFE.html
PTT (Comment),03/31 18:39,chen2625,(推) 原來F91這麼強...,https://www.ptt.cc/bbs/C_Chat/M.1774953484.A.CFE.html
PTT (Comment),03/31 18:46,dunkyou,(推) 風車鋼彈沒有輸!,https://www.ptt.cc/bbs/C_Chat/M.1774953484.A.CFE.html
PTT (Comment),03/31 18:46,john841221,(→) 泰國嫣紅攻擊#1 有點意思,https://www.ptt.cc/bbs/C_Chat/M.1774953484.A.CFE.html
PTT (Comment),03/31 18:48,Hazelburn,(推) 看來永恆把攻擊機給掉毛原因出來了,https://www.ptt.cc/bbs/C_Chat/M.1774953484.A.CFE.html
PTT (Comment),03/31 18:48,how6410,(推) 諾貝爾派的站出來！,https://www.ptt.cc/bbs/C_Chat/M.1774953484.A.CFE.html
PTT (Comment),03/31 18:49,Lizus,(推) 對岸居然第一是這個 我覺得不太行,https://www.ptt.cc/bbs/C_Chat/M.1774953484.A.CFE.html
PTT (Comment),03/31 18:51,minoru04,(推) FR是法國嗎? 水星直接包前2喔,https://www.ptt.cc/bbs/C_Chat/M.1774953484.A.CFE.html
PTT (Comment),03/31 18:55,Cassious,(推) 嫣紅攻擊人氣真的有嚇到我耶，意外地高,https://www.ptt.cc/bbs/C_Chat/M.1774953484.A.CFE.html
PTT (Comment),03/31 18:57,S2357828,(推) 第一天投一投 隔天不給投就沒再投過了,https://www.ptt.cc/bbs/C_Chat/M.1774953484.A.CFE.html
PTT (Comment),03/31 18:57,chen2625,(→) 剛看首播的時候超好笑，一堆直播留言都說泰國是不,https://www.ptt.cc/bbs/C_Chat/M.1774953484.A.CFE.html
PTT (Comment),03/31 18:57,chen2625,(→) 是歐普,https://www.ptt.cc/bbs/C_Chat/M.1774953484.A.CFE.html
PTT (Comment),03/31 19:03,nineflower,(推) 我最驚訝的是異靈，很多地區排名都比風靈高,https://www.ptt.cc/bbs/C_Chat/M.1774953484.A.CFE.html
PTT (Comment),03/31 19:05,Cassious,(推) 中國那邊異靈還排到第二，讓我覺得自己好像跟不上時代了,https://www.ptt.cc/bbs/C_Chat/M.1774953484.A.CFE.html
PTT (Comment),03/31 19:05,Cassious,(→) XD,https://www.ptt.cc/bbs/C_Chat/M.1774953484.A.CFE.html
PTT (Comment),03/31 19:10,GAOTT,(推) 自由系列被分票了= =,https://www.ptt.cc/bbs/C_Chat/M.1774953484.A.CFE.html
PTT (Comment),03/31 19:10,zzchen,(→) 中國也讓我驚訝一下 明明一堆人罵水星結果排第二 是有人在,https://www.ptt.cc/bbs/C_Chat/M.1774953484.A.CFE.html
PTT (Comment),03/31 19:10,Wooctor,(→) 台灣竟然是w,https://www.ptt.cc/bbs/C_Chat/M.1774953484.A.CFE.html
PTT (Comment),03/31 19:10,zzchen,(→) 灌票嗎,https://www.ptt.cc/bbs/C_Chat/M.1774953484.A.CFE.html
PTT (Comment),03/31 19:14,game147,(推) 異靈比較帥吧,https://www.ptt.cc/bbs/C_Chat/M.1774953484.A.CFE.html
PTT (Comment),03/31 19:15,nineflower,(→) 因為是花嫁機嗎？,https://www.ptt.cc/bbs/C_Chat/M.1774953484.A.CFE.html
PTT (Comment),03/31 19:18,ymsc30102,(→) 不意外 沒看過的也知道天使鋼彈,https://www.ptt.cc/bbs/C_Chat/M.1774953484.A.CFE.html
PTT (Comment),03/31 19:18,Dylros,(推) 所以台灣可以立掉毛雕像了嗎？,https://www.ptt.cc/bbs/C_Chat/M.1774953484.A.CFE.html
PTT (Comment),03/31 19:22,LoserLee,(推) 就說台灣最出圈是天使鋼彈吧 不意外,https://www.ptt.cc/bbs/C_Chat/M.1774953484.A.CFE.html
PTT (Comment),03/31 19:23,anhsun,(推) 看標題還想怎麼是飛翼ew 原來是飛翼零式ew 少零式差很多欸,https://www.ptt.cc/bbs/C_Chat/M.1774953484.A.CFE.html
PTT (Comment),03/31 19:28,zsp9081a,(→) 以前電視會播W跟劇場版阿,https://www.ptt.cc/bbs/C_Chat/M.1774953484.A.CFE.html
PTT (Comment),03/31 19:29,yuting90,(推) 躺A湯好強,https://www.ptt.cc/bbs/C_Chat/M.1774953484.A.CFE.html
PTT (Comment),03/31 19:30,yuting90,(→) 嫣紅好意外+1,https://www.ptt.cc/bbs/C_Chat/M.1774953484.A.CFE.html
PTT (Comment),03/31 19:34,basala5417,(→) 因為標題字塞不下,https://www.ptt.cc/bbs/C_Chat/M.1774953484.A.CFE.html
PTT (Comment),03/31 19:37,anhsun,(→) 把鋼彈w拿掉不就夠了 2台機體就不一樣= =,https://www.ptt.cc/bbs/C_Chat/M.1774953484.A.CFE.html
PTT (Comment),03/31 19:38,anpinjou,(推) 鋼彈總選舉 台第一是飛翼零式ew   塞標題有很難？,https://www.ptt.cc/bbs/C_Chat/M.1774953484.A.CFE.html
PTT (Comment),03/31 19:51,nowater,(推) 如果擺1：1的展翅掉毛仔颱風天484真的就會原地起飛ㄌ,https://www.ptt.cc/bbs/C_Chat/M.1774953484.A.CFE.html
PTT (Comment),03/31 19:52,ms0302610,(推) 獨角獸怎麼才20,https://www.ptt.cc/bbs/C_Chat/M.1774953484.A.CFE.html
PTT (Comment),03/31 20:00,evilscholar,(推) 我本命機F91就是好看,https://www.ptt.cc/bbs/C_Chat/M.1774953484.A.CFE.html
PTT (Comment),03/31 20:05,ilohoo,(→) 中國人這麼想投票爭自由喔？,https://www.ptt.cc/bbs/C_Chat/M.1774953484.A.CFE.html
PTT (Comment),03/31 20:28,sukicolo,(推) 會掉滿地的毛要一直派人掃地~很不方便,https://www.ptt.cc/bbs/C_Chat/M.1774953484.A.CFE.html
PTT (Comment),03/31 20:29,terry955048,(→) 法國人的審美真是獨一擋，跟別人的前十落差超大,https://www.ptt.cc/bbs/C_Chat/M.1774953484.A.CFE.html
PTT (Comment),03/31 20:30,terry955048,(→) IT是哪一國？印度,https://www.ptt.cc/bbs/C_Chat/M.1774953484.A.CFE.html
PTT (Comment),03/31 20:31,terry955048,(→) 倒是那個幼女控退燒的好快，模型線最齊人氣卻不怎麼,https://www.ptt.cc/bbs/C_Chat/M.1774953484.A.CFE.html
PTT (Comment),03/31 20:31,terry955048,(→) 樣，萬代到底是怎麼做市調的,https://www.ptt.cc/bbs/C_Chat/M.1774953484.A.CFE.html
PTT (Comment),03/31 21:01,ilohoo,(推) IT聽起來很義大利,https://www.ptt.cc/bbs/C_Chat/M.1774953484.A.CFE.html
PTT (Comment),03/31 21:33,S2357828,(推) 你也看看光獨角獸那堆換色就賣了多少,https://www.ptt.cc/bbs/C_Chat/M.1774953484.A.CFE.html
PTT (Comment),03/31 23:26,h75311418,(推) 天使鋼彈帥呀,https://www.ptt.cc/bbs/C_Chat/M.1774953484.A.CFE.html
PTT (Comment),04/01 06:19,aegis80728,(推) 天使跟牛前二不意外，嫣紅有前十比較意外,https://www.ptt.cc/bbs/C_Chat/M.1774953484.A.CFE.html
PTT (Comment),04/01 22:21,tdkandrh,(推) 嫣紅到底為何能上綁，扯,https://www.ptt.cc/bbs/C_Chat/M.1774953484.A.CFE.html
PTT (Comment),04/02 09:13,LITTLEFAT2,(推) 異靈顏色乾淨超漂亮好嗎==,https://www.ptt.cc/bbs/C_Chat/M.1774953484.A.CFE.html
PTT,Tue Mar 31 10:50:03 2026,lucifer2703 (C_Chat),"https://youtu.be/rWRgINA7has
他們原來還記得這件事啊
去年聖誕節截止的投票
不會風車進了前十在想要怎麼搓湯圓才拖這麼久吧

-----
Sent from JPTT on my Samsung SM-A146P.

--
※ 發信站: 批踢踢實業坊(ptt.cc), 來自: 101.9.203.138 (臺灣)
※ 文章網址: https://www.ptt.cc/bbs/C_Chat/M.1774925407.A.D0B.html",https://www.ptt.cc/bbs/C_Chat/M.1774925407.A.D0B.html
PTT (Comment),03/31 10:54,zeromxg0,(推) 風車就算進前十也沒必要搓湯圓吧，看看隔壁福利連第一,https://www.ptt.cc/bbs/C_Chat/M.1774925407.A.D0B.html
PTT (Comment),03/31 10:54,zeromxg0,(→) 的男人@@,https://www.ptt.cc/bbs/C_Chat/M.1774925407.A.D0B.html
PTT (Comment),03/31 10:56,lucifer2703,(→) 因為有前科,https://www.ptt.cc/bbs/C_Chat/M.1774925407.A.D0B.html
PTT (Comment),03/31 10:56,lucifer2703,(→) 40周年那次團長第一,https://www.ptt.cc/bbs/C_Chat/M.1774925407.A.D0B.html
PTT (Comment),03/31 10:56,lucifer2703,(→) 然後緊急改計票方式把團長搓下去,https://www.ptt.cc/bbs/C_Chat/M.1774925407.A.D0B.html
PTT (Comment),03/31 10:56,crash121,(推) 反正是不是灌票粉絲一看就知道,https://www.ptt.cc/bbs/C_Chat/M.1774925407.A.D0B.html
PTT (Comment),03/31 10:58,chuckni,(推) 到時候就知道了,https://www.ptt.cc/bbs/C_Chat/M.1774925407.A.D0B.html
PTT (Comment),03/31 11:03,barlunick,(推) 趕CAD圖吧 真的上位了不出模型說不過去吧,https://www.ptt.cc/bbs/C_Chat/M.1774925407.A.D0B.html
PTT (Comment),03/31 11:05,barlunick,(推) 不過大概就出個新圖 壓克力 跟衣服這樣,https://www.ptt.cc/bbs/C_Chat/M.1774925407.A.D0B.html
PTT (Comment),03/31 11:22,jonh0805,(推) 原來風車真的進前十啊？,https://www.ptt.cc/bbs/C_Chat/M.1774925407.A.D0B.html
PTT (Comment),03/31 11:24,MaxMillian,(推) 該出風車了吧 我想放在桌上轉,https://www.ptt.cc/bbs/C_Chat/M.1774925407.A.D0B.html
PTT (Comment),03/31 11:25,orion1991830,(推) 出UR風車喔,https://www.ptt.cc/bbs/C_Chat/M.1774925407.A.D0B.html
PTT (Comment),03/31 11:27,peterw,(推) 投到風車輸為止？,https://www.ptt.cc/bbs/C_Chat/M.1774925407.A.D0B.html
PTT (Comment),03/31 11:30,crosstony256,(推) 哪來的風車進前十,https://www.ptt.cc/bbs/C_Chat/M.1774925407.A.D0B.html
PTT (Comment),03/31 11:45,A880507,(推) 2017年投票冠軍：,https://www.ptt.cc/bbs/C_Chat/M.1774925407.A.D0B.html
PTT (Comment),03/31 11:45,A880507,(→) https://i.imgur.com/LKHRd48.png,https://www.ptt.cc/bbs/C_Chat/M.1774925407.A.D0B.html
PTT (Comment),03/31 11:59,xyxhy,(推) hg風車鋼彈好啊,https://www.ptt.cc/bbs/C_Chat/M.1774925407.A.D0B.html
PTT (Comment),03/31 12:03,ernova831,(推) 早忘了 拖好久,https://www.ptt.cc/bbs/C_Chat/M.1774925407.A.D0B.html
PTT (Comment),03/31 12:15,bladesinger,(推) 曼陀羅鋼彈都敢出了，風車算啥,https://www.ptt.cc/bbs/C_Chat/M.1774925407.A.D0B.html
PTT (Comment),03/31 12:38,bjk3370,(推) 該出個RG風車了,https://www.ptt.cc/bbs/C_Chat/M.1774925407.A.D0B.html
PTT (Comment),03/31 14:44,ashs92223,(→) 終於！！！,https://www.ptt.cc/bbs/C_Chat/M.1774925407.A.D0B.html
PTT (Comment),03/31 15:04,RandyAAA,(推) 曼陀羅都出了風車就真的該出一下了,https://www.ptt.cc/bbs/C_Chat/M.1774925407.A.D0B.html
Facebook,中華民族台灣民主融合社團,中華民族台灣民主融合社團,為了選票，綠什麼也能說.#高雄 #選舉 #柯志恩 #吳思瑤 #賴瑞隆 #民進黨   #支持志恩請+1,
